number,status,posts,title,url,first_post_at,remark
,archived,1002,なんJnovelAI部,https://fate.5ch.net/test/read.cgi/liveuranus/1664884109,2022/10/04(火) 20:48:29.94,
,archived,1002,なんJNVAチラ裏部,https://fate.5ch.net/test/read.cgi/liveuranus/1679891659,2023/03/27(月) 13:34:19.37,
1,archived,1002,なんJNVA部★166.1,https://fate.5ch.net/test/read.cgi/liveuranus/1678282967,2023/03/08(水) 22:42:47.50,
1,active,9,なんJNVA部★168.1,https://fate.5ch.net/test/read.cgi/liveuranus/1678398509,2023/03/10(金) 06:48:29.03,
1,active,229,なんUがこの先生きのこる方法★1,https://fate.5ch.net/test/read.cgi/liveuranus/1691414026,2023/08/07(月) 22:13:46.04,
2,archived,1002,なんJnovelAI部 ★2,https://fate.5ch.net/test/read.cgi/liveuranus/1664961994,2022/10/05(水) 18:26:34.30,
2,archived,1002,なんJNVAチラ裏部 ★2,https://fate.5ch.net/test/read.cgi/liveuranus/1682765013,2023/04/29(土) 19:43:33.50,
2,active,579,なんJRVC部 2,https://fate.5ch.net/test/read.cgi/liveuranus/1684768900,2023/05/23(火) 00:21:40.12,
2,active,790,なんJLLM部 ★2,https://fate.5ch.net/test/read.cgi/liveuranus/1685613014,2023/06/01(木) 18:50:14.03,
2,archived,1002,なんう　絵文字部 ★2,https://fate.5ch.net/test/read.cgi/liveuranus/1701533724,2023/12/03(日) 01:15:24.41,
2,archived,1002,なんJNVAどんぐりテスト部★2,https://fate.5ch.net/test/read.cgi/liveuranus/1724038167,2024/08/19(月) 12:29:27.59,
3,archived,1002,なんJnovelAI部 ★3,https://fate.5ch.net/test/read.cgi/liveuranus/1664977603,2022/10/05(水) 22:46:43.54,
3,active,420,なんJNVAチラ裏部 ★3,https://fate.5ch.net/test/read.cgi/liveuranus/1687949276,2023/06/28(水) 19:47:56.01,
3,archived,1002,なんJRVC部 3,https://fate.5ch.net/test/read.cgi/liveuranus/1691551411,2023/08/09(水) 12:23:31.97,
3,archived,1002,なんJLLM部 ★3,https://fate.5ch.net/test/read.cgi/liveuranus/1691639766,2023/08/10(木) 12:56:06.76,
3,active,2,なんJNVAどんぐりテスト部★3,https://fate.5ch.net/test/read.cgi/liveuranus/1729284746,2024/10/19(土) 05:52:26.07,
3,archived,1002,なんJNVAどんぐりテスト部★3,https://fate.5ch.net/test/read.cgi/liveuranus/1729324975,2024/10/19(土) 17:02:55.68,
4,archived,1002,なんJnovelAI部 ★4,https://fate.5ch.net/test/read.cgi/liveuranus/1665020985,2022/10/06(木) 10:49:45.94,
4,active,1,なんJLLM部 ★4,https://fate.5ch.net/test/read.cgi/liveuranus/1696026349,2023/09/30(土) 07:25:49.46,
4,archived,1002,なんJLLM部 ★4,https://fate.5ch.net/test/read.cgi/liveuranus/1696030365,2023/09/30(土) 08:32:45.60,
4,active,65,なんJRVC部 4,https://fate.5ch.net/test/read.cgi/liveuranus/1699700267,2023/11/11(土) 19:57:47.19,
4,active,13,なんJNVAどんぐりテスト部★4,https://fate.5ch.net/test/read.cgi/liveuranus/1735523566,2024/12/30(月) 10:52:46.14,
4,archived,1002,なんJNVAどんぐりテスト部★4,https://fate.5ch.net/test/read.cgi/liveuranus/1735550394,2024/12/30(月) 18:19:54.72,
5,archived,1002,なんJnovelAI部 ★5,https://fate.5ch.net/test/read.cgi/liveuranus/1665044626,2022/10/06(木) 17:23:46.70,
5,active,179,なんJLLM部 ★5,https://fate.5ch.net/test/read.cgi/liveuranus/1699666391,2023/11/11(土) 10:33:11.81,
5,archived,1002,【ボイスチェンジャー】なんJRVC部 5,https://fate.5ch.net/test/read.cgi/liveuranus/1701763239,2023/12/05(火) 17:00:39.54,
5,active,553,なんJNVAどんぐりテスト部★5,https://fate.5ch.net/test/read.cgi/liveuranus/1739097561,2025/02/09(日) 19:39:21.07,
5,archived,1002,【大砲無し】なんJNVAどんぐりテスト部★5,https://fate.5ch.net/test/read.cgi/liveuranus/1739262053,2025/02/11(火) 17:20:53.01,
6,archived,1002,なんJnovelAI部 ★6,https://fate.5ch.net/test/read.cgi/liveuranus/1665056346,2022/10/06(木) 20:39:06.09,
6,archived,1002,なんJLLM部 ★6,https://fate.5ch.net/test/read.cgi/liveuranus/1701542705,2023/12/03(日) 03:45:05.35,
6,archived,1002,【ボイスチェンジャー】なんJRVC部 6,https://fate.5ch.net/test/read.cgi/liveuranus/1707472445,2024/02/09(金) 18:54:05.89,
6,archived,1002,【大砲無し】なんJNVAどんぐりテスト部★6,https://fate.5ch.net/test/read.cgi/liveuranus/1747048720,2025/05/12(月) 20:18:40.98,
7,archived,1002,なんJnovelAI部 ★7,https://fate.5ch.net/test/read.cgi/liveuranus/1665069710,2022/10/07(金) 00:21:50.12,
7,archived,1002,なんJRVC部★7,https://fate.5ch.net/test/read.cgi/liveuranus/1711873736,2024/03/31(日) 17:28:56.06,
7,active,809,【大砲無し】なんJNVAどんぐりテスト部★7,https://fate.5ch.net/test/read.cgi/liveuranus/1753066591,2025/07/21(月) 11:56:31.46,
8,archived,1002,なんJnovelAI部 ★8,https://fate.5ch.net/test/read.cgi/liveuranus/1665110031,2022/10/07(金) 11:33:51.89,
9,archived,1002,なんJnovelAI部 ★9,https://fate.5ch.net/test/read.cgi/liveuranus/1665127253,2022/10/07(金) 16:20:53.72,
10,archived,1002,なんJnovelAI部 ★10,https://fate.5ch.net/test/read.cgi/liveuranus/1665138901,2022/10/07(金) 19:35:01.21,
11,archived,1002,なんJnovelAI部 ★11,https://fate.5ch.net/test/read.cgi/liveuranus/1665153460,2022/10/07(金) 23:37:40.57,
12,archived,1002,なんJnovelAI部 ★12,https://fate.5ch.net/test/read.cgi/liveuranus/1665169346,2022/10/08(土) 04:02:26.90,
13,archived,1002,なんJnovelAI部 ★13,https://fate.5ch.net/test/read.cgi/liveuranus/1665200283,2022/10/08(土) 12:38:03.15,
14,archived,1002,なんJnovelAI部 ★14,https://fate.5ch.net/test/read.cgi/liveuranus/1665212241,2022/10/08(土) 15:57:21.73,
15,archived,1002,なんJnovelAI部 ★15,https://fate.5ch.net/test/read.cgi/liveuranus/1665223449,2022/10/08(土) 19:04:09.16,
16,archived,1002,なんJnovelAI部 ★16,https://fate.5ch.net/test/read.cgi/liveuranus/1665234633,2022/10/08(土) 22:10:33.60,
16,archived,1002,なんJHLL部 ★16,https://fate.5ch.net/test/read.cgi/liveuranus/1680861298,2023/04/07(金) 18:54:58.22,
17,archived,1002,なんJnovelAI部 ★17,https://fate.5ch.net/test/read.cgi/liveuranus/1665243898,2022/10/09(日) 00:44:58.07,
17,archived,1002,なんJHLL部 ★17,https://fate.5ch.net/test/read.cgi/liveuranus/1682150848,2023/04/22(土) 17:07:28.54,
18,archived,1002,なんJnovelAI部 ★18,https://fate.5ch.net/test/read.cgi/liveuranus/1665263269,2022/10/09(日) 06:07:49.17,
18,archived,1002,なんJHLL部 ★18,https://fate.5ch.net/test/read.cgi/liveuranus/1683552340,2023/05/08(月) 22:25:40.72,
19,archived,1002,なんJnovelAI部 ★19,https://fate.5ch.net/test/read.cgi/liveuranus/1665286362,2022/10/09(日) 12:32:42.82,
19,archived,1002,なんJHLL部 ★19,https://fate.5ch.net/test/read.cgi/liveuranus/1685534083,2023/05/31(水) 20:54:43.23,
20,archived,1002,なんJnovelAI部 ★20,https://fate.5ch.net/test/read.cgi/liveuranus/1665300136,2022/10/09(日) 16:22:16.12,
20,archived,1002,なんJHLL部 ★20,https://fate.5ch.net/test/read.cgi/liveuranus/1687409248,2023/06/22(木) 13:47:28.29,
21,archived,1002,なんJnovelAI部 ★21,https://fate.5ch.net/test/read.cgi/liveuranus/1665312697,2022/10/09(日) 19:51:37.22,
21,archived,1002,なんJHLL部 ★21,https://fate.5ch.net/test/read.cgi/liveuranus/1688865025,2023/07/09(日) 10:10:25.77,
22,archived,1002,なんJnovelAI部 ★22,https://fate.5ch.net/test/read.cgi/liveuranus/1665323490,2022/10/09(日) 22:51:30.21,
22,active,780,なんJHLL部 ★22,https://fate.5ch.net/test/read.cgi/liveuranus/1690459921,2023/07/27(木) 21:12:01.81,
23,archived,1002,なんJnovelAI部 ★23,https://fate.5ch.net/test/read.cgi/liveuranus/1665334490,2022/10/10(月) 01:54:50.15,
23,active,287,なんJHLL部 ★23,https://fate.5ch.net/test/read.cgi/liveuranus/1691271211,2023/08/06(日) 06:33:31.38,
24,archived,1002,なんJnovelAI部 ★24,https://fate.5ch.net/test/read.cgi/liveuranus/1665373069,2022/10/10(月) 12:37:49.33,
24,active,48,なんJHLL部 ★24,https://fate.5ch.net/test/read.cgi/liveuranus/1691328482,2023/08/06(日) 22:28:02.16,
25,archived,1002,なんJnovelAI部 ★25,https://fate.5ch.net/test/read.cgi/liveuranus/1665388327,2022/10/10(月) 16:52:07.13,
26,archived,1002,なんJnovelAI部 ★26,https://fate.5ch.net/test/read.cgi/liveuranus/1665400944,2022/10/10(月) 20:22:24.52,
27,archived,1002,なんJnovelAI部 ★27,https://fate.5ch.net/test/read.cgi/liveuranus/1665414672,2022/10/11(火) 00:11:12.66,
28,archived,1002,なんJnovelAI部 ★28,https://fate.5ch.net/test/read.cgi/liveuranus/1665445927,2022/10/11(火) 08:52:07.74,
29,archived,1002,なんJnovelAI部 ★29,https://fate.5ch.net/test/read.cgi/liveuranus/1665465310,2022/10/11(火) 14:15:10.78,
30,archived,1002,なんJnovelAI部 ★30,https://fate.5ch.net/test/read.cgi/liveuranus/1665485363,2022/10/11(火) 19:49:23.28,
31,archived,1002,なんJnovelAI部 ★31,https://fate.5ch.net/test/read.cgi/liveuranus/1665501510,2022/10/12(水) 00:18:30.80,
32,archived,1002,なんJnovelAI部 ★32,https://fate.5ch.net/test/read.cgi/liveuranus/1665540316,2022/10/12(水) 11:05:16.16,
33,archived,1002,なんJnovelAI部 ★33,https://fate.5ch.net/test/read.cgi/liveuranus/1665561859,2022/10/12(水) 17:04:19.25,
34,archived,1002,なんJnovelAI部 ★34,https://fate.5ch.net/test/read.cgi/liveuranus/1665581341,2022/10/12(水) 22:29:01.79,
35,archived,1002,なんJnovelAI部 ★35,https://fate.5ch.net/test/read.cgi/liveuranus/1665615828,2022/10/13(木) 08:03:48.08,
36,archived,1002,なんJnovelAI部 ★36,https://fate.5ch.net/test/read.cgi/liveuranus/1665644783,2022/10/13(木) 16:06:23.56,
37,archived,1002,なんJnovelAI部 ★37,https://fate.5ch.net/test/read.cgi/liveuranus/1665661426,2022/10/13(木) 20:43:46.51,
38,archived,1002,なんJnovelAI部 ★38,https://fate.5ch.net/test/read.cgi/liveuranus/1665672664,2022/10/13(木) 23:51:04.25,
39,archived,1002,なんJnovelAI部 ★39,https://fate.5ch.net/test/read.cgi/liveuranus/1665704629,2022/10/14(金) 08:43:49.45,
40,archived,1002,なんJnovelAI部 ★40,https://fate.5ch.net/test/read.cgi/liveuranus/1665729219,2022/10/14(金) 15:33:39.06,
41,archived,1002,なんJnoveIAl部 ★41,https://fate.5ch.net/test/read.cgi/liveuranus/1665744442,2022/10/14(金) 19:47:22.10,
42,archived,1002,なんJnoveIAl部 ★42,https://fate.5ch.net/test/read.cgi/liveuranus/1665764934,2022/10/15(土) 01:28:54.87,
43,archived,1002,なんJnovelAI★43,https://fate.5ch.net/test/read.cgi/liveuranus/1665805729,2022/10/15(土) 12:48:49.59,
44,archived,1002,なんJnovelAI★44,https://fate.5ch.net/test/read.cgi/liveuranus/1665818410,2022/10/15(土) 16:20:10.45,
45,archived,1002,なんJnovelAI★45,https://fate.5ch.net/test/read.cgi/liveuranus/1665831680,2022/10/15(土) 20:01:20.92,
46,archived,1002,なんJnovelAI★46,https://fate.5ch.net/test/read.cgi/liveuranus/1665846150,2022/10/16(日) 00:02:30.46,
47,archived,1002,なんJnovelAI部★47,https://fate.5ch.net/test/read.cgi/liveuranus/1665869838,2022/10/16(日) 06:37:18.65,
48,archived,1002,なんJnovelAI部★48,https://fate.5ch.net/test/read.cgi/liveuranus/1665889374,2022/10/16(日) 12:02:54.04,
49,archived,1002,なんJnovelAI部★49,https://fate.5ch.net/test/read.cgi/liveuranus/1665901496,2022/10/16(日) 15:24:56.37,
49,archived,1002,&#129402;なんU絵文字部&#129402;★49,https://fate.5ch.net/test/read.cgi/liveuranus/1700843271,2023/11/25(土) 01:27:51.64,
50,archived,1002,なんJnovelAI部★50,https://fate.5ch.net/test/read.cgi/liveuranus/1665917340,2022/10/16(日) 19:49:00.69,
50,archived,1002,&#129402;なんu絵文字部&#129402;★50,https://fate.5ch.net/test/read.cgi/liveuranus/1701346435,2023/11/30(木) 21:13:55.12,
51,archived,1002,なんJnovelAI部★51,https://fate.5ch.net/test/read.cgi/liveuranus/1665931240,2022/10/16(日) 23:40:40.24,
51,archived,1002,&#129402;なんＵ絵文字部&#129402;★51,https://fate.5ch.net/test/read.cgi/liveuranus/1701809766,2023/12/06(水) 05:56:06.15,
52,archived,1002,なんJnovelAI部★52,https://fate.5ch.net/test/read.cgi/liveuranus/1665950121,2022/10/17(月) 04:55:21.67,
52,archived,1002,&#129402;なんＵ絵文字部&#129402;★52,https://fate.5ch.net/test/read.cgi/liveuranus/1702287686,2023/12/11(月) 18:41:26.16,
53,archived,1002,なんJnovelAI部★53,https://fate.5ch.net/test/read.cgi/liveuranus/1665966964,2022/10/17(月) 09:36:04.94,
53,archived,1002,&#129402;なんＵ絵文字部&#129402;★53 ワあり,https://fate.5ch.net/test/read.cgi/liveuranus/1702629797,2023/12/15(金) 17:43:17.04,
53,archived,1002,&#129402;なんＵ絵文字部&#129402;★53,https://fate.5ch.net/test/read.cgi/liveuranus/1702636936,2023/12/15(金) 19:42:16.08,
54,archived,1002,なんJnovelAI部★54,https://fate.5ch.net/test/read.cgi/liveuranus/1665982019,2022/10/17(月) 13:46:59.17,
54,archived,1002,&#129402;なんU絵文字部&#129402;★54,https://fate.5ch.net/test/read.cgi/liveuranus/1703431353,2023/12/25(月) 00:22:33.89,
54,active,558,&#129402;なんＵ絵文字部&#129402;★54 ワあり,https://fate.5ch.net/test/read.cgi/liveuranus/1707650531,2024/02/11(日) 20:22:11.68,
55,archived,1002,なんJnovelAI部★55,https://fate.5ch.net/test/read.cgi/liveuranus/1665998726,2022/10/17(月) 18:25:26.70,
55,archived,1002,&#129402;なんU絵文字部&#129402;★55,https://fate.5ch.net/test/read.cgi/liveuranus/1703900824,2023/12/30(土) 10:47:04.63,
56,archived,1002,なんJnovelAI部★56,https://fate.5ch.net/test/read.cgi/liveuranus/1666006558,2022/10/17(月) 20:35:58.49,
57,archived,1002,なんJnovelAI部★57,https://fate.5ch.net/test/read.cgi/liveuranus/1666016921,2022/10/17(月) 23:28:41.33,
58,archived,1002,なんJnoveIAl部★58,https://fate.5ch.net/test/read.cgi/liveuranus/1666049422,2022/10/18(火) 08:30:22.04,
59,archived,1002,なんJnoveIAl部★59,https://fate.5ch.net/test/read.cgi/liveuranus/1666069486,2022/10/18(火) 14:04:46.81,
59,archived,1002,&#129535;なんU絵文字豚&#129402;★59,https://fate.5ch.net/test/read.cgi/liveuranus/1706271741,2024/01/26(金) 21:22:21.79,
60,archived,1002,なんJnoveIAl部★60,https://fate.5ch.net/test/read.cgi/liveuranus/1666089553,2022/10/18(火) 19:39:13.73,
60,archived,1002,&#129402;なんU絵文字部&#129402;★60,https://fate.5ch.net/test/read.cgi/liveuranus/1707067253,2024/02/05(月) 02:20:53.90,
61,archived,1002,なんJnoveIAI部★61,https://fate.5ch.net/test/read.cgi/liveuranus/1666103743,2022/10/18(火) 23:35:43.56,
61,active,11,&#129402;なんU絵文字部&#129402;★61,https://fate.5ch.net/test/read.cgi/liveuranus/1707903097,2024/02/14(水) 18:31:37.71,
61,archived,1002,&#128128;なんU絵文字部&#128519;★61,https://fate.5ch.net/test/read.cgi/liveuranus/1707903144,2024/02/14(水) 18:32:24.12,
62,archived,1002,なんJnovelAI部★62,https://fate.5ch.net/test/read.cgi/liveuranus/1666149743,2022/10/19(水) 12:22:23.25,
62,archived,1002,&#129402;なんU絵文字部&#129402;★62,https://fate.5ch.net/test/read.cgi/liveuranus/1708686912,2024/02/23(金) 20:15:12.16,
63,archived,1002,なんJNVA部★63,https://fate.5ch.net/test/read.cgi/liveuranus/1666176497,2022/10/19(水) 19:48:17.08,
64,archived,1002,なんJnovelAI部★64,https://fate.5ch.net/test/read.cgi/liveuranus/1666193928,2022/10/20(木) 00:38:48.15,
64,archived,1002,なんJNVA部★64,https://fate.5ch.net/test/read.cgi/liveuranus/1666194105,2022/10/20(木) 00:41:45.64,
64,archived,1002,&#129400;なんU絵文字部&#129317;★64,https://fate.5ch.net/test/read.cgi/liveuranus/1709792086,2024/03/07(木) 15:14:46.42,
65,archived,1002,なんJNVA部★65,https://fate.5ch.net/test/read.cgi/liveuranus/1666241384,2022/10/20(木) 13:49:44.88,
65,archived,1002,なんJnovelAI部★65,https://fate.5ch.net/test/read.cgi/liveuranus/1670412212,2022/12/07(水) 20:23:32.47,
65,archived,1002,&#128557;なんU絵文字部&#128526;★65,https://fate.5ch.net/test/read.cgi/liveuranus/1710338373,2024/03/13(水) 22:59:33.11,
66,archived,1002,なんJNVA部★66,https://fate.5ch.net/test/read.cgi/liveuranus/1666268359,2022/10/20(木) 21:19:19.61,
66,archived,1002,なんJnovelAI部★66,https://fate.5ch.net/test/read.cgi/liveuranus/1673586879,2023/01/13(金) 14:14:39.62,
66,archived,1002,&#129402;なんU絵文字部&#129402;★66,https://fate.5ch.net/test/read.cgi/liveuranus/1711057761,2024/03/22(金) 06:49:21.84,
67,archived,1002,なんJNVA部★67,https://fate.5ch.net/test/read.cgi/liveuranus/1666318751,2022/10/21(金) 11:19:11.30,
67,archived,1002,なんJnovelAI部★67,https://fate.5ch.net/test/read.cgi/liveuranus/1675716549,2023/02/07(火) 05:49:09.77,
68,archived,1002,なんJNVA部★68,https://fate.5ch.net/test/read.cgi/liveuranus/1666357371,2022/10/21(金) 22:02:51.34,
68,active,2,なんJnovelAI部★68,https://fate.5ch.net/test/read.cgi/liveuranus/1679488101,2023/03/22(水) 21:28:21.34,
68,archived,1002,なんJnovelAI部ウェブ専★68,https://fate.5ch.net/test/read.cgi/liveuranus/1679488956,2023/03/22(水) 21:42:36.40,
69,archived,1002,なんJNVA部★69,https://fate.5ch.net/test/read.cgi/liveuranus/1666411038,2022/10/22(土) 12:57:18.32,
69,active,5,なんJnovelAI部ウェブ専★69,https://fate.5ch.net/test/read.cgi/liveuranus/1690344033,2023/07/26(水) 13:00:33.18,
69,active,75,なんJnovelAI部ウェブ専★69,https://fate.5ch.net/test/read.cgi/liveuranus/1690350510,2023/07/26(水) 14:48:30.65,
69,active,127,なんJnovelAI部ウェブ専★69,https://fate.5ch.net/test/read.cgi/liveuranus/1690351738,2023/07/26(水) 15:08:58.16,
70,archived,1002,なんJNVA部★70,https://fate.5ch.net/test/read.cgi/liveuranus/1666436994,2022/10/22(土) 20:09:54.30,
71,archived,1002,なんJNVA部★71,https://fate.5ch.net/test/read.cgi/liveuranus/1666476917,2022/10/23(日) 07:15:17.48,
72,archived,1002,なんJNVA部★72,https://fate.5ch.net/test/read.cgi/liveuranus/1666521889,2022/10/23(日) 19:44:49.19,
73,archived,1002,なんJNVA部★73,https://fate.5ch.net/test/read.cgi/liveuranus/1666562950,2022/10/24(月) 07:09:10.99,
74,archived,1002,なんJNVA部★74,https://fate.5ch.net/test/read.cgi/liveuranus/1666610718,2022/10/24(月) 20:25:18.88,
75,archived,1002,なんJNVA部★75,https://fate.5ch.net/test/read.cgi/liveuranus/1666679778,2022/10/25(火) 15:36:18.26,
76,archived,1002,なんJNVA部★76,https://fate.5ch.net/test/read.cgi/liveuranus/1666731996,2022/10/26(水) 06:06:36.75,
77,archived,1002,なんJNVA部★77,https://fate.5ch.net/test/read.cgi/liveuranus/1666794089,2022/10/26(水) 23:21:29.26,
78,archived,1002,なんJNVA部★78,https://fate.5ch.net/test/read.cgi/liveuranus/1666878336,2022/10/27(木) 22:45:36.51,
79,archived,1002,なんJNVA部★79,https://fate.5ch.net/test/read.cgi/liveuranus/1666982422,2022/10/29(土) 03:40:22.07,
80,archived,1002,なんJNVA部★80,https://fate.5ch.net/test/read.cgi/liveuranus/1667055443,2022/10/29(土) 23:57:23.75,
81,archived,1002,なんJNVA部★81,https://fate.5ch.net/test/read.cgi/liveuranus/1667137549,2022/10/30(日) 22:45:49.14,
82,archived,1002,なんJNVA部★82,https://fate.5ch.net/test/read.cgi/liveuranus/1667220390,2022/10/31(月) 21:46:30.37,
83,archived,1002,なんJNVA部★83,https://fate.5ch.net/test/read.cgi/liveuranus/1667312558,2022/11/01(火) 23:22:38.01,
84,archived,1002,なんJNVA部★84,https://fate.5ch.net/test/read.cgi/liveuranus/1667387353,2022/11/02(水) 20:09:13.59,
85,archived,1002,なんJNVA部★85,https://fate.5ch.net/test/read.cgi/liveuranus/1667474581,2022/11/03(木) 20:23:01.23,
86,archived,1002,なんJNVA部★86,https://fate.5ch.net/test/read.cgi/liveuranus/1667566662,2022/11/04(金) 21:57:42.58,
87,archived,1002,なんJNVA部★87,https://fate.5ch.net/test/read.cgi/liveuranus/1667640913,2022/11/05(土) 18:35:13.25,
88,archived,1002,なんJNVA部★88,https://fate.5ch.net/test/read.cgi/liveuranus/1667741676,2022/11/06(日) 22:34:36.40,
89,archived,1002,なんJNVA部★89,https://fate.5ch.net/test/read.cgi/liveuranus/1667831343,2022/11/07(月) 23:29:03.91,
90,archived,1002,なんJNVA部★90,https://fate.5ch.net/test/read.cgi/liveuranus/1667952798,2022/11/09(水) 09:13:18.20,
91,archived,1002,なんJNVA部★91,https://fate.5ch.net/test/read.cgi/liveuranus/1668040249,2022/11/10(木) 09:30:49.28,
92,archived,1002,なんJNVA部★92,https://fate.5ch.net/test/read.cgi/liveuranus/1668150692,2022/11/11(金) 16:11:32.97,
93,archived,1002,なんJNVA部★93,https://fate.5ch.net/test/read.cgi/liveuranus/1668251390,2022/11/12(土) 20:09:50.63,
94,archived,1002,なんJNVA部★94,https://fate.5ch.net/test/read.cgi/liveuranus/1668353659,2022/11/14(月) 00:34:19.38,
95,archived,1002,なんJNVA部★95,https://fate.5ch.net/test/read.cgi/liveuranus/1668474906,2022/11/15(火) 10:15:06.01,
96,archived,1002,なんJNVA部★96,https://fate.5ch.net/test/read.cgi/liveuranus/1668538642,2022/11/16(水) 03:57:22.44,
97,archived,1002,なんJNVA部★97,https://fate.5ch.net/test/read.cgi/liveuranus/1668602194,2022/11/16(水) 21:36:34.16,
98,archived,1002,なんJNVA部★98,https://fate.5ch.net/test/read.cgi/liveuranus/1668735603,2022/11/18(金) 10:40:03.87,
99,archived,1002,なんJNVA部★99,https://fate.5ch.net/test/read.cgi/liveuranus/1668863997,2022/11/19(土) 22:19:57.23,
100,archived,1002,なんJNVA部★100,https://fate.5ch.net/test/read.cgi/liveuranus/1668961576,2022/11/21(月) 01:26:16.55,
101,archived,1002,なんJNVA部★101,https://fate.5ch.net/test/read.cgi/liveuranus/1669096981,2022/11/22(火) 15:03:01.60,
102,archived,1002,なんJNVA部★102,https://fate.5ch.net/test/read.cgi/liveuranus/1669216072,2022/11/24(木) 00:07:52.00,
103,archived,1002,なんJNVA部★103,https://fate.5ch.net/test/read.cgi/liveuranus/1669353959,2022/11/25(金) 14:25:59.72,
104,archived,1002,なんJNVA部★104,https://fate.5ch.net/test/read.cgi/liveuranus/1669467214,2022/11/26(土) 21:53:34.47,
105,archived,1002,なんJNVA部★105,https://fate.5ch.net/test/read.cgi/liveuranus/1669607592,2022/11/28(月) 12:53:12.75,
106,archived,1002,なんJNVA部★106,https://fate.5ch.net/test/read.cgi/liveuranus/1669789350,2022/11/30(水) 15:22:30.61,
107,archived,1002,なんJNVA部★107,https://fate.5ch.net/test/read.cgi/liveuranus/1669958251,2022/12/02(金) 14:17:31.25,
108,archived,1002,なんJNVA部★108,https://fate.5ch.net/test/read.cgi/liveuranus/1670077264,2022/12/03(土) 23:21:04.29,
109,archived,1002,なんJNVA部★109,https://fate.5ch.net/test/read.cgi/liveuranus/1670246088,2022/12/05(月) 22:14:48.52,
110,archived,1002,なんJNVA部★110,https://fate.5ch.net/test/read.cgi/liveuranus/1670398527,2022/12/07(水) 16:35:27.60,
111,archived,1002,なんJNVA部★111,https://fate.5ch.net/test/read.cgi/liveuranus/1670643341,2022/12/10(土) 12:35:41.64,
112,archived,1002,なんJNVA部★112,https://fate.5ch.net/test/read.cgi/liveuranus/1670898408,2022/12/13(火) 11:26:48.89,
113,archived,1002,なんJNVA部★113,https://fate.5ch.net/test/read.cgi/liveuranus/1671058902,2022/12/15(木) 08:01:42.42,
114,archived,1002,なんJNVA部★114,https://fate.5ch.net/test/read.cgi/liveuranus/1671291043,2022/12/18(日) 00:30:43.80,
115,archived,1002,なんJNVA部★115,https://fate.5ch.net/test/read.cgi/liveuranus/1671460483,2022/12/19(月) 23:34:43.97,
116,archived,1002,なんJNVA部★116,https://fate.5ch.net/test/read.cgi/liveuranus/1671621193,2022/12/21(水) 20:13:13.37,
117,archived,1002,なんJNVA部★117,https://fate.5ch.net/test/read.cgi/liveuranus/1671803055,2022/12/23(金) 22:44:15.79,
118,archived,1002,なんJNVA部★118,https://fate.5ch.net/test/read.cgi/liveuranus/1672034918,2022/12/26(月) 15:08:38.11,
119,archived,1002,なんJNVA部★119,https://fate.5ch.net/test/read.cgi/liveuranus/1672160740,2022/12/28(水) 02:05:40.71,
120,archived,1002,なんJNVA部★120,https://fate.5ch.net/test/read.cgi/liveuranus/1672304115,2022/12/29(木) 17:55:15.65,
121,archived,1002,なんJNVA部★121,https://fate.5ch.net/test/read.cgi/liveuranus/1672476674,2022/12/31(土) 17:51:14.66,
122,archived,1002,なんJNVA部★122,https://fate.5ch.net/test/read.cgi/liveuranus/1672654440,2023/01/02(月) 19:14:00.53,
123,archived,1002,なんJNVA部★123,https://fate.5ch.net/test/read.cgi/liveuranus/1672807546,2023/01/04(水) 13:45:46.73,
124,archived,1002,なんJNVA部★124,https://fate.5ch.net/test/read.cgi/liveuranus/1672914747,2023/01/05(木) 19:32:27.02,
125,archived,1002,なんJNVA部★125,https://fate.5ch.net/test/read.cgi/liveuranus/1673029370,2023/01/07(土) 03:22:50.30,
126,archived,1002,なんJNVA部★126,https://fate.5ch.net/test/read.cgi/liveuranus/1673176819,2023/01/08(日) 20:20:19.14,
127,archived,1002,なんJNVA部★127,https://fate.5ch.net/test/read.cgi/liveuranus/1673292474,2023/01/10(火) 04:27:54.67,
128,archived,1002,なんJNVA部★128,https://fate.5ch.net/test/read.cgi/liveuranus/1673418720,2023/01/11(水) 15:32:00.21,
129,archived,1002,なんJNVA部★129,https://fate.5ch.net/test/read.cgi/liveuranus/1673527388,2023/01/12(木) 21:43:08.97,
130,archived,1002,なんJNVA部★130,https://fate.5ch.net/test/read.cgi/liveuranus/1673668284,2023/01/14(土) 12:51:24.13,
131,archived,1002,なんJNVA部★131,https://fate.5ch.net/test/read.cgi/liveuranus/1673783208,2023/01/15(日) 20:46:48.90,
132,archived,1002,なんJNVA部★132,https://fate.5ch.net/test/read.cgi/liveuranus/1673897340,2023/01/17(火) 04:29:00.77,
133,archived,1002,なんJNVA部★133,https://fate.5ch.net/test/read.cgi/liveuranus/1674036476,2023/01/18(水) 19:07:56.47,
134,archived,1002,なんJNVA部★134,https://fate.5ch.net/test/read.cgi/liveuranus/1674191441,2023/01/20(金) 14:10:41.70,
135,archived,1002,なんJNVA部★135,https://fate.5ch.net/test/read.cgi/liveuranus/1674350145,2023/01/22(日) 10:15:45.79,
136,archived,1002,なんJNVA部★136,https://fate.5ch.net/test/read.cgi/liveuranus/1674488413,2023/01/24(火) 00:40:13.46,
137,archived,1002,なんJNVA部★137,https://fate.5ch.net/test/read.cgi/liveuranus/1674660572,2023/01/26(木) 00:29:32.82,
138,archived,1002,なんJNVA部★138,https://fate.5ch.net/test/read.cgi/liveuranus/1674833233,2023/01/28(土) 00:27:13.17,
139,archived,1002,なんJNVA部★139,https://fate.5ch.net/test/read.cgi/liveuranus/1674974603,2023/01/29(日) 15:43:23.03,
140,archived,1002,なんJNVA部★140,https://fate.5ch.net/test/read.cgi/liveuranus/1675113816,2023/01/31(火) 06:23:36.64,
141,archived,1002,なんJNVA部★141,https://fate.5ch.net/test/read.cgi/liveuranus/1675289546,2023/02/02(木) 07:12:26.78,
142,archived,1002,なんJNVA部★142,https://fate.5ch.net/test/read.cgi/liveuranus/1675476156,2023/02/04(土) 11:02:36.27,
143,archived,1002,なんJNVA部★143,https://fate.5ch.net/test/read.cgi/liveuranus/1675607115,2023/02/05(日) 23:25:15.79,
144,archived,1002,なんJNVA部★144,https://fate.5ch.net/test/read.cgi/liveuranus/1675684868,2023/02/06(月) 21:01:08.85,
144,archived,1002,なんJNVA部★144,https://fate.5ch.net/test/read.cgi/liveuranus/1675684916,2023/02/06(月) 21:01:56.02,
144,archived,1002,なんJNVA部★144,https://fate.5ch.net/test/read.cgi/liveuranus/1675688907,2023/02/06(月) 22:08:27.08,
144,archived,1002,なんJNVA部★144,https://fate.5ch.net/test/read.cgi/liveuranus/1675693393,2023/02/06(月) 23:23:13.36,
145,archived,1002,なんJNVA部★145,https://fate.5ch.net/test/read.cgi/liveuranus/1675709429,2023/02/07(火) 03:50:29.88,
146,archived,1002,なんJNVA部★146,https://fate.5ch.net/test/read.cgi/liveuranus/1675934502,2023/02/09(木) 18:21:42.53,
147,archived,1002,なんJNVA部★147,https://fate.5ch.net/test/read.cgi/liveuranus/1676175319,2023/02/12(日) 13:15:19.56,
148,archived,1002,なんJNVA部★148,https://fate.5ch.net/test/read.cgi/liveuranus/1676292962,2023/02/13(月) 21:56:02.39,
149,archived,1002,なんJNVA部★149,https://fate.5ch.net/test/read.cgi/liveuranus/1676415295,2023/02/15(水) 07:54:55.45,
150,archived,1002,なんJNVA部★150,https://fate.5ch.net/test/read.cgi/liveuranus/1676504558,2023/02/16(木) 08:42:38.17,
151,archived,1010,なんJNVA部★151,https://fate.5ch.net/test/read.cgi/liveuranus/1676605237,2023/02/17(金) 12:40:37.36,
152,archived,1002,なんJNVA部★152,https://fate.5ch.net/test/read.cgi/liveuranus/1676652520,2023/02/18(土) 01:48:40.75,
153,archived,1002,なんJお絵描き部★153,https://fate.5ch.net/test/read.cgi/liveuranus/1660487731,2022/08/14(日) 23:35:31.70,
153,archived,1002,なんJNVA部★153,https://fate.5ch.net/test/read.cgi/liveuranus/1676761096,2023/02/19(日) 07:58:16.33,
154,archived,1002,なんJお絵描き部★154,https://fate.5ch.net/test/read.cgi/liveuranus/1660963882,2022/08/20(土) 11:51:22.86,
154,archived,1002,なんJNVA部★154,https://fate.5ch.net/test/read.cgi/liveuranus/1676865326,2023/02/20(月) 12:55:26.55,
155,archived,1002,なんJお絵描き部★155,https://fate.5ch.net/test/read.cgi/liveuranus/1661595049,2022/08/27(土) 19:10:49.91,
155,archived,1002,なんJNVA部★155,https://fate.5ch.net/test/read.cgi/liveuranus/1676961373,2023/02/21(火) 15:36:13.09,
156,archived,1002,なんJお絵描き部★156,https://fate.5ch.net/test/read.cgi/liveuranus/1662378720,2022/09/05(月) 20:52:00.99,
156,archived,1002,なんJNVA部★156,https://fate.5ch.net/test/read.cgi/liveuranus/1677059075,2023/02/22(水) 18:44:35.96,
157,archived,1002,なんJお絵描き部★157,https://fate.5ch.net/test/read.cgi/liveuranus/1662639234,2022/09/08(木) 21:13:54.64,
157,archived,1002,なんJNVA部★157,https://fate.5ch.net/test/read.cgi/liveuranus/1677145939,2023/02/23(木) 18:52:19.45,
158,archived,1002,なんJお絵描き部★158,https://fate.5ch.net/test/read.cgi/liveuranus/1662720078,2022/09/09(金) 19:41:18.87,
158,archived,1002,なんJNVA部★158,https://fate.5ch.net/test/read.cgi/liveuranus/1677263179,2023/02/25(土) 03:26:19.06,
159,archived,1002,なんJお絵描き部★159,https://fate.5ch.net/test/read.cgi/liveuranus/1662728994,2022/09/09(金) 22:09:54.83,
159,archived,1002,なんJNVA部★159,https://fate.5ch.net/test/read.cgi/liveuranus/1677378178,2023/02/26(日) 11:22:58.39,
159,archived,1002,なんJNVA部★159,https://fate.5ch.net/test/read.cgi/liveuranus/1677379479,2023/02/26(日) 11:44:39.83,
160,archived,1002,なんJお絵描き部★160,https://fate.5ch.net/test/read.cgi/liveuranus/1662736378,2022/09/10(土) 00:12:58.07,
160,archived,1002,なんJNVA部★160,https://fate.5ch.net/test/read.cgi/liveuranus/1677525893,2023/02/28(火) 04:24:53.31,
161,archived,1002,なんJお絵描き部★161,https://fate.5ch.net/test/read.cgi/liveuranus/1664187484,2022/09/26(月) 19:18:04.89,
161,archived,1002,なんJNVA部★161,https://fate.5ch.net/test/read.cgi/liveuranus/1677643860,2023/03/01(水) 13:11:00.43,
162,archived,1002,なんJお絵描き部★162,https://fate.5ch.net/test/read.cgi/liveuranus/1665396926,2022/10/10(月) 19:15:26.99,
162,archived,1002,なんJNVA部★162,https://fate.5ch.net/test/read.cgi/liveuranus/1677762501,2023/03/02(木) 22:08:21.75,
163,archived,1002,なんJお絵描き部★163,https://fate.5ch.net/test/read.cgi/liveuranus/1666818883,2022/10/27(木) 06:14:43.97,
163,archived,1002,なんJNVA部★163,https://fate.5ch.net/test/read.cgi/liveuranus/1677881751,2023/03/04(土) 07:15:51.93,
164,archived,1002,なんJお絵描き部★164,https://fate.5ch.net/test/read.cgi/liveuranus/1669377509,2022/11/25(金) 20:58:29.47,
164,archived,1002,なんJNVA部★164,https://fate.5ch.net/test/read.cgi/liveuranus/1677998901,2023/03/05(日) 15:48:21.73,
165,archived,1002,なんJお絵描き部★165,https://fate.5ch.net/test/read.cgi/liveuranus/1671754695,2022/12/23(金) 09:18:15.26,
165,archived,1002,なんJNVA部★165,https://fate.5ch.net/test/read.cgi/liveuranus/1678113228,2023/03/06(月) 23:33:48.17,
166,archived,1002,なんJお絵描き部★166,https://fate.5ch.net/test/read.cgi/liveuranus/1673428781,2023/01/11(水) 18:19:41.59,
166,archived,1002,なんJNVA部★166,https://fate.5ch.net/test/read.cgi/liveuranus/1678273374,2023/03/08(水) 20:02:54.15,
167,archived,1002,なんJNVA部★167,https://fate.5ch.net/test/read.cgi/liveuranus/1678367246,2023/03/09(木) 22:07:26.76,
168,archived,1002,なんJNVA部★168,https://fate.5ch.net/test/read.cgi/liveuranus/1678402781,2023/03/10(金) 07:59:41.43,
169,archived,1002,なんJNVA部★169,https://fate.5ch.net/test/read.cgi/liveuranus/1678476722,2023/03/11(土) 04:32:02.14,
170,archived,1002,なんJNVA部★170,https://fate.5ch.net/test/read.cgi/liveuranus/1678659833,2023/03/13(月) 07:23:53.38,
171,archived,1002,なんJNVA部★171,https://fate.5ch.net/test/read.cgi/liveuranus/1678829220,2023/03/15(水) 06:27:00.04,
172,archived,1002,なんJNVA部★172,https://fate.5ch.net/test/read.cgi/liveuranus/1678984030,2023/03/17(金) 01:27:10.81,
173,archived,1002,なんJNVA部★173,https://fate.5ch.net/test/read.cgi/liveuranus/1679155226,2023/03/19(日) 01:00:26.23,
174,archived,1002,なんJNVA部★174,https://fate.5ch.net/test/read.cgi/liveuranus/1679326948,2023/03/21(火) 00:42:28.96,
175,archived,1002,なんJNVA部★175,https://fate.5ch.net/test/read.cgi/liveuranus/1679473770,2023/03/22(水) 17:29:30.92,
176,archived,1002,なんJNVA部★176,https://fate.5ch.net/test/read.cgi/liveuranus/1679571571,2023/03/23(木) 20:39:31.73,
177,archived,1002,なんJNVA部★177,https://fate.5ch.net/test/read.cgi/liveuranus/1679734218,2023/03/25(土) 17:50:18.41,
178,archived,1002,なんJNVA部★178,https://fate.5ch.net/test/read.cgi/liveuranus/1679896401,2023/03/27(月) 14:53:21.01,
179,archived,1002,なんJNVA部★179,https://fate.5ch.net/test/read.cgi/liveuranus/1680004431,2023/03/28(火) 20:53:51.72,
180,archived,1002,なんJNVA部★180,https://fate.5ch.net/test/read.cgi/liveuranus/1680160046,2023/03/30(木) 16:07:26.74,
181,archived,1002,なんJNVA部★181,https://fate.5ch.net/test/read.cgi/liveuranus/1680334847,2023/04/01(土) 16:40:47.83,
182,archived,1002,なんJNVA部★182,https://fate.5ch.net/test/read.cgi/liveuranus/1680488767,2023/04/03(月) 11:26:07.70,
183,archived,1002,なんJNVA部★183,https://fate.5ch.net/test/read.cgi/liveuranus/1680673605,2023/04/05(水) 14:46:45.89,
184,archived,1002,なんJNVA部★184,https://fate.5ch.net/test/read.cgi/liveuranus/1680854356,2023/04/07(金) 16:59:16.51,
185,archived,1002,なんJNVA部★185,https://fate.5ch.net/test/read.cgi/liveuranus/1681045318,2023/04/09(日) 22:01:58.73,
186,archived,1002,なんJNVA部★186,https://fate.5ch.net/test/read.cgi/liveuranus/1681213742,2023/04/11(火) 20:49:02.43,
187,archived,1002,なんJNVA部★187,https://fate.5ch.net/test/read.cgi/liveuranus/1681397990,2023/04/13(木) 23:59:50.68,
188,archived,1002,なんJNVA部★188,https://fate.5ch.net/test/read.cgi/liveuranus/1681611826,2023/04/16(日) 11:23:46.48,
189,archived,1002,なんJNVA部★189,https://fate.5ch.net/test/read.cgi/liveuranus/1681747950,2023/04/18(火) 01:12:30.09,
190,archived,1002,なんJNVA部★190,https://fate.5ch.net/test/read.cgi/liveuranus/1681968857,2023/04/20(木) 14:34:17.38,
191,archived,1002,なんJNVA部★191,https://fate.5ch.net/test/read.cgi/liveuranus/1682089700,2023/04/22(土) 00:08:20.39,
192,archived,1002,なんJNVA部★192,https://fate.5ch.net/test/read.cgi/liveuranus/1682266762,2023/04/24(月) 01:19:22.43,
193,archived,1002,なんJNVA部★193,https://fate.5ch.net/test/read.cgi/liveuranus/1682478946,2023/04/26(水) 12:15:46.78,
194,archived,1002,なんJNVA部★194,https://fate.5ch.net/test/read.cgi/liveuranus/1682668676,2023/04/28(金) 16:57:56.50,
195,archived,1002,なんJNVA部★195,https://fate.5ch.net/test/read.cgi/liveuranus/1682821354,2023/04/30(日) 11:22:34.73,
196,archived,1002,なんJNVA部★196,https://fate.5ch.net/test/read.cgi/liveuranus/1682940787,2023/05/01(月) 20:33:07.53,
197,archived,1002,なんJNVA部★197,https://fate.5ch.net/test/read.cgi/liveuranus/1683047281,2023/05/03(水) 02:08:01.49,
198,archived,1002,なんJNVA部★198,https://fate.5ch.net/test/read.cgi/liveuranus/1683204475,2023/05/04(木) 21:47:55.49,
199,archived,1002,なんJNVA部★199,https://fate.5ch.net/test/read.cgi/liveuranus/1683315243,2023/05/06(土) 04:34:03.41,
200,archived,1002,なんJNVA部★200,https://fate.5ch.net/test/read.cgi/liveuranus/1683436784,2023/05/07(日) 14:19:44.25,
201,archived,1002,なんJNVA部★201,https://fate.5ch.net/test/read.cgi/liveuranus/1683546068,2023/05/08(月) 20:41:08.16,
202,archived,1002,なんJNVA部★202,https://fate.5ch.net/test/read.cgi/liveuranus/1683672268,2023/05/10(水) 07:44:28.05,
203,archived,1002,なんJNVA部★203,https://fate.5ch.net/test/read.cgi/liveuranus/1683796148,2023/05/11(木) 18:09:08.52,
204,archived,1002,なんJNVA部★204,https://fate.5ch.net/test/read.cgi/liveuranus/1683921260,2023/05/13(土) 04:54:20.22,
205,archived,1002,なんJNVA部★205,https://fate.5ch.net/test/read.cgi/liveuranus/1684057555,2023/05/14(日) 18:45:55.79,
205,active,5,なんJNVA部★205,https://fate.5ch.net/test/read.cgi/liveuranus/1684057571,2023/05/14(日) 18:46:11.01,
206,archived,1002,なんJNVA部★206,https://fate.5ch.net/test/read.cgi/liveuranus/1684160016,2023/05/15(月) 23:13:36.64,
207,archived,1002,なんJNVA部★207,https://fate.5ch.net/test/read.cgi/liveuranus/1684249737,2023/05/17(水) 00:08:57.99,
208,archived,1002,なんJNVA部★208,https://fate.5ch.net/test/read.cgi/liveuranus/1684399957,2023/05/18(木) 17:52:37.29,
209,archived,1002,なんJNVA部★209,https://fate.5ch.net/test/read.cgi/liveuranus/1684555065,2023/05/20(土) 12:57:45.78,
210,archived,1002,なんJNVA部★210,https://fate.5ch.net/test/read.cgi/liveuranus/1684653476,2023/05/21(日) 16:17:56.05,
211,archived,1002,なんJNVA部★211,https://fate.5ch.net/test/read.cgi/liveuranus/1684756133,2023/05/22(月) 20:48:53.98,
212,archived,1002,なんJNVA部★212,https://fate.5ch.net/test/read.cgi/liveuranus/1684909555,2023/05/24(水) 15:25:55.89,
213,archived,1002,なんJNVA部★213,https://fate.5ch.net/test/read.cgi/liveuranus/1685050275,2023/05/26(金) 06:31:15.83,
214,archived,1002,なんJNVA部★214,https://fate.5ch.net/test/read.cgi/liveuranus/1685198953,2023/05/27(土) 23:49:13.10,
215,archived,1002,なんJNVA部★215,https://fate.5ch.net/test/read.cgi/liveuranus/1685341329,2023/05/29(月) 15:22:09.66,
216,archived,1002,なんJNVA部★216,https://fate.5ch.net/test/read.cgi/liveuranus/1685500098,2023/05/31(水) 11:28:18.41,
217,archived,1002,なんJNVA部★217,https://fate.5ch.net/test/read.cgi/liveuranus/1685636519,2023/06/02(金) 01:21:59.42,
218,archived,1002,なんJNVA部★218,https://fate.5ch.net/test/read.cgi/liveuranus/1685828341,2023/06/04(日) 06:39:01.18,
219,archived,1002,なんJNVA部★219,https://fate.5ch.net/test/read.cgi/liveuranus/1685975035,2023/06/05(月) 23:23:55.92,
220,archived,1002,なんJNVA部★220,https://fate.5ch.net/test/read.cgi/liveuranus/1686204895,2023/06/08(木) 15:14:55.41,
221,archived,1002,なんJNVA部★221,https://fate.5ch.net/test/read.cgi/liveuranus/1686400841,2023/06/10(土) 21:40:41.21,
222,archived,1002,なんJNVA部★222,https://fate.5ch.net/test/read.cgi/liveuranus/1686626563,2023/06/13(火) 12:22:43.35,
223,archived,1002,なんJNVA部★223,https://fate.5ch.net/test/read.cgi/liveuranus/1686836346,2023/06/15(木) 22:39:06.31,
224,archived,1002,なんJNVA部★224,https://fate.5ch.net/test/read.cgi/liveuranus/1687079922,2023/06/18(日) 18:18:42.58,
225,archived,1002,なんJNVA部★225,https://fate.5ch.net/test/read.cgi/liveuranus/1687324914,2023/06/21(水) 14:21:54.83,
226,archived,1002,なんJNVA部★226,https://fate.5ch.net/test/read.cgi/liveuranus/1687512014,2023/06/23(金) 18:20:14.09,
227,archived,1002,なんJNVA部★227,https://fate.5ch.net/test/read.cgi/liveuranus/1687749335,2023/06/26(月) 12:15:35.99,
228,archived,1002,なんJNVA部★228,https://fate.5ch.net/test/read.cgi/liveuranus/1687953737,2023/06/28(水) 21:02:17.90,
229,archived,1002,なんJNVA部★229,https://fate.5ch.net/test/read.cgi/liveuranus/1688173275,2023/07/01(土) 10:01:15.43,
230,archived,1002,なんJNVA部★230,https://fate.5ch.net/test/read.cgi/liveuranus/1688307392,2023/07/02(日) 23:16:32.60,
231,archived,1002,なんJNVA部★231,https://fate.5ch.net/test/read.cgi/liveuranus/1688479009,2023/07/04(火) 22:56:49.56,
232,archived,1002,なんJNVA部★232,https://fate.5ch.net/test/read.cgi/liveuranus/1688664590,2023/07/07(金) 02:29:50.12,
233,archived,1002,なんJNVA部★233,https://fate.5ch.net/test/read.cgi/liveuranus/1688887977,2023/07/09(日) 16:32:57.97,
234,archived,1002,なんJNVA部★234,https://fate.5ch.net/test/read.cgi/liveuranus/1689057599,2023/07/11(火) 15:39:59.54,
235,archived,1002,なんJNVA部★235,https://fate.5ch.net/test/read.cgi/liveuranus/1689251757,2023/07/13(木) 21:35:57.22,
236,archived,1002,なんJNVA部★236,https://fate.5ch.net/test/read.cgi/liveuranus/1689468968,2023/07/16(日) 09:56:08.80,
237,archived,1002,なんJNVA部★237,https://fate.5ch.net/test/read.cgi/liveuranus/1689528464,2023/07/17(月) 02:27:44.28,
238,archived,1002,なんJNVA部★238,https://fate.5ch.net/test/read.cgi/liveuranus/1689740149,2023/07/19(水) 13:15:49.11,
239,archived,1002,なんJNVA部★239,https://fate.5ch.net/test/read.cgi/liveuranus/1689937245,2023/07/21(金) 20:00:45.54,
240,archived,1002,なんJNVA部★240,https://fate.5ch.net/test/read.cgi/liveuranus/1690123854,2023/07/23(日) 23:50:54.80,
241,archived,1002,なんJNVA部★241,https://fate.5ch.net/test/read.cgi/liveuranus/1690348967,2023/07/26(水) 14:22:47.43,
242,archived,1002,なんJNVA部★242,https://fate.5ch.net/test/read.cgi/liveuranus/1690549794,2023/07/28(金) 22:09:54.52,
243,archived,1002,なんJNVA部★243,https://fate.5ch.net/test/read.cgi/liveuranus/1690753154,2023/07/31(月) 06:39:14.87,
244,archived,1002,なんJNVA部★244,https://fate.5ch.net/test/read.cgi/liveuranus/1690989275,2023/08/03(木) 00:14:35.00,
245,active,146,なんJNVA部★245,https://fate.5ch.net/test/read.cgi/liveuranus/1691235893,2023/08/05(土) 20:44:53.46,
246,active,539,なんJNVA部★246,https://fate.5ch.net/test/read.cgi/liveuranus/1691268842,2023/08/06(日) 05:54:02.57,
247,archived,1002,JNVA★247,https://fate.5ch.net/test/read.cgi/liveuranus/1691475006,2023/08/08(火) 15:10:06.83,
248,active,249,なんJNVA部★248,https://fate.5ch.net/test/read.cgi/liveuranus/1691366405,2023/08/07(月) 09:00:05.10,
248,active,307,なんJNVA立口β★248,https://fate.5ch.net/test/read.cgi/liveuranus/1691400235,2023/08/07(月) 18:23:55.60,
249,active,234,なんJNVA防弾倍β★249,https://fate.5ch.net/test/read.cgi/liveuranus/1691412093,2023/08/07(月) 21:41:33.37,
250,active,244,なんJNVA部★250,https://fate.5ch.net/test/read.cgi/liveuranus/1691413320,2023/08/07(月) 22:02:00.56,
251,active,233,なんJNVA部★251,https://fate.5ch.net/test/read.cgi/liveuranus/1691416503,2023/08/07(月) 22:55:03.50,
252,active,657,なんJNVA部★114514,https://fate.5ch.net/test/read.cgi/liveuranus/1691429986,2023/08/08(火) 02:39:46.53,別名「★114514」
253,archived,1002,なんJNVA部★253　ハゲ・チビ・鉄オタ専用スレ,https://fate.5ch.net/test/read.cgi/liveuranus/1691451527,2023/08/08(火) 08:38:47.13,
253,active,3,なんJNVA部★253,https://fate.5ch.net/test/read.cgi/liveuranus/1691706683,2023/08/11(金) 07:31:23.66,
254,active,249,なんJNVA部★247,https://fate.5ch.net/test/read.cgi/liveuranus/1691363619,2023/08/07(月) 08:13:39.12,別名「JNVA★247」
256,archived,1002,JNVA★256,https://fate.5ch.net/test/read.cgi/liveuranus/1692185298,2023/08/16(水) 20:28:18.51,
257,archived,1002,なんJNVA部★257,https://fate.5ch.net/test/read.cgi/liveuranus/1692418980,2023/08/19(土) 13:23:00.56,
258,archived,1002,なんJNVA部★258,https://fate.5ch.net/test/read.cgi/liveuranus/1692692104,2023/08/22(火) 17:15:04.86,
259,archived,1002,なんJNVA部★259,https://fate.5ch.net/test/read.cgi/liveuranus/1693018809,2023/08/26(土) 12:00:09.78,
260,archived,1002,なんJNVA部★260,https://fate.5ch.net/test/read.cgi/liveuranus/1693312070,2023/08/29(火) 21:27:50.03,
261,archived,1002,なんJNVA部★261,https://fate.5ch.net/test/read.cgi/liveuranus/1693550738,2023/09/01(金) 15:45:38.62,
262,archived,1002,なんJNVA部★262,https://fate.5ch.net/test/read.cgi/liveuranus/1693910349,2023/09/05(火) 19:39:09.76,
263,archived,1002,なんJNVA部★263,https://fate.5ch.net/test/read.cgi/liveuranus/1694182939,2023/09/08(金) 23:22:19.86,
264,archived,1002,なんJNVA部★264,https://fate.5ch.net/test/read.cgi/liveuranus/1694478908,2023/09/12(火) 09:35:08.60,
265,archived,1002,なんJNVA部★265,https://fate.5ch.net/test/read.cgi/liveuranus/1694688867,2023/09/14(木) 19:54:27.57,
266,archived,1002,なんJNVA部★266,https://fate.5ch.net/test/read.cgi/liveuranus/1694948061,2023/09/17(日) 19:54:21.53,
267,archived,1002,なんJNVA部★267,https://fate.5ch.net/test/read.cgi/liveuranus/1695210992,2023/09/20(水) 20:56:32.11,
268,archived,1002,なんJNVA部★268,https://fate.5ch.net/test/read.cgi/liveuranus/1695528231,2023/09/24(日) 13:03:51.69,
269,archived,1002,なんJNVA部★269,https://fate.5ch.net/test/read.cgi/liveuranus/1695800284,2023/09/27(水) 16:38:04.32,
270,archived,1002,なんJNVA部★270,https://fate.5ch.net/test/read.cgi/liveuranus/1696119475,2023/10/01(日) 09:17:55.90,
271,archived,1002,なんJNVA部★271,https://fate.5ch.net/test/read.cgi/liveuranus/1696248064,2023/10/02(月) 21:01:04.52,
272,archived,1002,なんJNVA部★272,https://fate.5ch.net/test/read.cgi/liveuranus/1696492587,2023/10/05(木) 16:56:27.73,
273,archived,1002,なんJNVA部★273,https://fate.5ch.net/test/read.cgi/liveuranus/1696752928,2023/10/08(日) 17:15:28.19,
274,archived,1002,なんJNVA部★274,https://fate.5ch.net/test/read.cgi/liveuranus/1697068480,2023/10/12(木) 08:54:40.67,
275,archived,1002,なんJNVA部★275,https://fate.5ch.net/test/read.cgi/liveuranus/1697351371,2023/10/15(日) 15:29:31.32,
276,archived,1002,なんJNVA部★276,https://fate.5ch.net/test/read.cgi/liveuranus/1697604360,2023/10/18(水) 13:46:00.25,
277,archived,1002,なんJNVA部★277,https://fate.5ch.net/test/read.cgi/liveuranus/1697877317,2023/10/21(土) 17:35:17.97,
278,archived,1002,なんJNVA部★278,https://fate.5ch.net/test/read.cgi/liveuranus/1698232812,2023/10/25(水) 20:20:12.53,
279,archived,1002,なんJNVA部★279,https://fate.5ch.net/test/read.cgi/liveuranus/1698559380,2023/10/29(日) 15:03:00.06,
280,archived,1002,なんJNVA部★280,https://fate.5ch.net/test/read.cgi/liveuranus/1698849763,2023/11/01(水) 23:42:43.87,
281,archived,1002,なんJNVA部★281,https://fate.5ch.net/test/read.cgi/liveuranus/1699179772,2023/11/05(日) 19:22:52.85,
282,archived,1002,なんJNVA部★282,https://fate.5ch.net/test/read.cgi/liveuranus/1699466502,2023/11/09(木) 03:01:42.71,
283,archived,1002,なんJNVA部★283,https://fate.5ch.net/test/read.cgi/liveuranus/1699565425,2023/11/10(金) 06:30:25.87,
284,archived,1002,なんJNVA部★284　ハゲ・チビ・ドルオタ専用スレ,https://fate.5ch.net/test/read.cgi/liveuranus/1699584795,2023/11/10(金) 11:53:15.48,
284,archived,1002,なんJNVA部★284,https://fate.5ch.net/test/read.cgi/liveuranus/1699595474,2023/11/10(金) 14:51:14.82,
285,archived,1002,なんJNVA部★285,https://fate.5ch.net/test/read.cgi/liveuranus/1699876562,2023/11/13(月) 20:56:02.59,
286,archived,1002,なんJNVA部★286,https://fate.5ch.net/test/read.cgi/liveuranus/1700118182,2023/11/16(木) 16:03:02.79,
287,archived,1002,なんJNVA部★287,https://fate.5ch.net/test/read.cgi/liveuranus/1700196779,2023/11/17(金) 13:52:59.53,
288,archived,1002,なんJNVA部★288,https://fate.5ch.net/test/read.cgi/liveuranus/1700342207,2023/11/19(日) 06:16:47.89,
289,archived,1002,なんJNVA部★289,https://fate.5ch.net/test/read.cgi/liveuranus/1700474878,2023/11/20(月) 19:07:58.70,
290,archived,1002,なんJNVA部★290,https://fate.5ch.net/test/read.cgi/liveuranus/1700583648,2023/11/22(水) 01:20:48.88,
291,archived,1002,なんJNVA部★291,https://fate.5ch.net/test/read.cgi/liveuranus/1700715309,2023/11/23(木) 13:55:09.74,
291,active,5,なんJNVA部★291,https://fate.5ch.net/test/read.cgi/liveuranus/1700717477,2023/11/23(木) 14:31:17.45,
292,archived,1002,なんJNVA部★292,https://fate.5ch.net/test/read.cgi/liveuranus/1700833050,2023/11/24(金) 22:37:30.18,
293,archived,1002,なんJNVA部★293,https://fate.5ch.net/test/read.cgi/liveuranus/1700978222,2023/11/26(日) 14:57:02.72,
294,archived,1002,なんJNVA部★294,https://fate.5ch.net/test/read.cgi/liveuranus/1701137688,2023/11/28(火) 11:14:48.28,
295,archived,1002,なんJNVA部★295,https://fate.5ch.net/test/read.cgi/liveuranus/1701335781,2023/11/30(木) 18:16:21.36,
296,archived,1002,なんJNVA部★296,https://fate.5ch.net/test/read.cgi/liveuranus/1701522689,2023/12/02(土) 22:11:29.21,
297,archived,1002,なんJNVA部★297,https://fate.5ch.net/test/read.cgi/liveuranus/1701721290,2023/12/05(火) 05:21:30.84,
298,archived,1002,なんJNVA部★298,https://fate.5ch.net/test/read.cgi/liveuranus/1701916128,2023/12/07(木) 11:28:48.34,
299,archived,1002,なんJNVA部★299,https://fate.5ch.net/test/read.cgi/liveuranus/1702131079,2023/12/09(土) 23:11:19.86,
300,archived,1002,なんJNVA部★300,https://fate.5ch.net/test/read.cgi/liveuranus/1702352692,2023/12/12(火) 12:44:52.42,
301,archived,1002,なんJNVA部★301,https://fate.5ch.net/test/read.cgi/liveuranus/1702533495,2023/12/14(木) 14:58:15.23,
302,archived,1002,なんJNVA部★302,https://fate.5ch.net/test/read.cgi/liveuranus/1702705479,2023/12/16(土) 14:44:39.87,
303,archived,1002,なんJNVA部★303,https://fate.5ch.net/test/read.cgi/liveuranus/1702763225,2023/12/17(日) 06:47:05.11,
304,archived,1002,なんJNVA部★304,https://fate.5ch.net/test/read.cgi/liveuranus/1702945801,2023/12/19(火) 09:30:01.40,
305,archived,1002,なんJNVA部★305,https://fate.5ch.net/test/read.cgi/liveuranus/1703174835,2023/12/22(金) 01:07:15.26,
306,archived,1002,なんJNVA部★306,https://fate.5ch.net/test/read.cgi/liveuranus/1703394665,2023/12/24(日) 14:11:05.14,
307,archived,1002,なんJNVA部★307,https://fate.5ch.net/test/read.cgi/liveuranus/1703593833,2023/12/26(火) 21:30:33.11,
308,archived,1002,なんJNVA部★308,https://fate.5ch.net/test/read.cgi/liveuranus/1703859855,2023/12/29(金) 23:24:15.86,
309,archived,1002,なんJNVA部★309,https://fate.5ch.net/test/read.cgi/liveuranus/1704099980,2024/01/01(月) 18:06:20.92,
310,archived,1002,なんJNVA部★310,https://fate.5ch.net/test/read.cgi/liveuranus/1704333061,2024/01/04(木) 10:51:01.73,
311,archived,1002,なんJNVA部★311,https://fate.5ch.net/test/read.cgi/liveuranus/1704540632,2024/01/06(土) 20:30:32.68,
312,archived,1002,なんJNVA部★312,https://fate.5ch.net/test/read.cgi/liveuranus/1704729279,2024/01/09(火) 00:54:39.87,
313,archived,1002,なんJNVA部★313,https://fate.5ch.net/test/read.cgi/liveuranus/1704932924,2024/01/11(木) 09:28:44.90,
314,archived,1002,なんJNVA部★314,https://fate.5ch.net/test/read.cgi/liveuranus/1705026291,2024/01/12(金) 11:24:51.62,
315,archived,1002,なんJNVA部★315,https://fate.5ch.net/test/read.cgi/liveuranus/1705131095,2024/01/13(土) 16:31:35.84,
316,archived,1002,なんJNVA部★316,https://fate.5ch.net/test/read.cgi/liveuranus/1705230822,2024/01/14(日) 20:13:42.30,
317,archived,1002,なんJNVA部★317,https://fate.5ch.net/test/read.cgi/liveuranus/1705390134,2024/01/16(火) 16:28:54.35,
318,archived,1002,なんJNVA部★318,https://fate.5ch.net/test/read.cgi/liveuranus/1705495977,2024/01/17(水) 21:52:57.91,
319,archived,1002,なんJNVA部★319,https://fate.5ch.net/test/read.cgi/liveuranus/1705639223,2024/01/19(金) 13:40:23.73,
320,archived,1002,なんJNVA部★320,https://fate.5ch.net/test/read.cgi/liveuranus/1705745253,2024/01/20(土) 19:07:33.89,
321,archived,1002,なんJNVA部★321,https://fate.5ch.net/test/read.cgi/liveuranus/1705861083,2024/01/22(月) 03:18:03.34,
322,archived,1002,なんJNVA部★322,https://fate.5ch.net/test/read.cgi/liveuranus/1706008645,2024/01/23(火) 20:17:25.57,
323,archived,1002,なんJNVA部★323,https://fate.5ch.net/test/read.cgi/liveuranus/1706184242,2024/01/25(木) 21:04:02.39,
324,archived,1002,なんJNVA部★324,https://fate.5ch.net/test/read.cgi/liveuranus/1706360434,2024/01/27(土) 22:00:34.13,
325,archived,1002,なんJNVA部★325,https://fate.5ch.net/test/read.cgi/liveuranus/1706534922,2024/01/29(月) 22:28:42.33,
326,archived,1002,なんJNVA部★326,https://fate.5ch.net/test/read.cgi/liveuranus/1706714406,2024/02/01(木) 00:20:06.60,
327,archived,1002,なんJNVA部★327,https://fate.5ch.net/test/read.cgi/liveuranus/1706876136,2024/02/02(金) 21:15:36.67,
328,archived,1002,なんJNVA部★328,https://fate.5ch.net/test/read.cgi/liveuranus/1707027741,2024/02/04(日) 15:22:21.21,
329,archived,1002,なんJNVA部★329,https://fate.5ch.net/test/read.cgi/liveuranus/1707190702,2024/02/06(火) 12:38:22.27,
330,archived,1002,なんJNVA部★330,https://fate.5ch.net/test/read.cgi/liveuranus/1707302768,2024/02/07(水) 19:46:08.74,
331,archived,1002,なんJNVA部★331,https://fate.5ch.net/test/read.cgi/liveuranus/1707442860,2024/02/09(金) 10:41:00.60,
332,archived,1002,なんJNVA部★332,https://fate.5ch.net/test/read.cgi/liveuranus/1707552820,2024/02/10(土) 17:13:40.87,
332,active,4,なんJNVA部★332,https://fate.5ch.net/test/read.cgi/liveuranus/1707552857,2024/02/10(土) 17:14:17.40,
333,archived,1002,なんJNVA部★333,https://fate.5ch.net/test/read.cgi/liveuranus/1707648161,2024/02/11(日) 19:42:41.56,
334,archived,1002,なんJNVA部★334,https://fate.5ch.net/test/read.cgi/liveuranus/1707738374,2024/02/12(月) 20:46:14.21,
335,archived,1002,なんJNVA部★335,https://fate.5ch.net/test/read.cgi/liveuranus/1707852025,2024/02/14(水) 04:20:25.74,
336,archived,1002,なんJNVA部★336,https://fate.5ch.net/test/read.cgi/liveuranus/1707971627,2024/02/15(木) 13:33:47.62,
337,archived,1002,なんJNVA部★337,https://fate.5ch.net/test/read.cgi/liveuranus/1708066289,2024/02/16(金) 15:51:29.56,
338,archived,1002,なんJNVA部★338,https://fate.5ch.net/test/read.cgi/liveuranus/1708146801,2024/02/17(土) 14:13:21.12,
339,archived,1002,なんJNVA部★339,https://fate.5ch.net/test/read.cgi/liveuranus/1708240345,2024/02/18(日) 16:12:25.95,
340,archived,1002,なんJNVA部★340,https://fate.5ch.net/test/read.cgi/liveuranus/1708319933,2024/02/19(月) 14:18:53.12,
341,archived,1002,なんJNVA部★341,https://fate.5ch.net/test/read.cgi/liveuranus/1708425352,2024/02/20(火) 19:35:52.22,
342,archived,1002,なんJNVA部★342,https://fate.5ch.net/test/read.cgi/liveuranus/1708533007,2024/02/22(木) 01:30:07.55,
343,archived,1002,なんJNVA部★343,https://fate.5ch.net/test/read.cgi/liveuranus/1708623103,2024/02/23(金) 02:31:43.31,
344,archived,1002,なんJNVA部★344,https://fate.5ch.net/test/read.cgi/liveuranus/1708755223,2024/02/24(土) 15:13:43.34,
345,archived,1002,なんJNVA部★345,https://fate.5ch.net/test/read.cgi/liveuranus/1708860208,2024/02/25(日) 20:23:28.96,
346,archived,1002,なんJNVA部★346,https://fate.5ch.net/test/read.cgi/liveuranus/1708966731,2024/02/27(火) 01:58:51.80,
347,archived,1002,なんJNVA部★347,https://fate.5ch.net/test/read.cgi/liveuranus/1709111002,2024/02/28(水) 18:03:22.07,
348,archived,1002,なんJNVA部★348,https://fate.5ch.net/test/read.cgi/liveuranus/1709254709,2024/03/01(金) 09:58:29.41,
349,archived,1002,なんJNVA部★349,https://fate.5ch.net/test/read.cgi/liveuranus/1709371952,2024/03/02(土) 18:32:32.47,
350,archived,1002,なんJNVA部★350,https://fate.5ch.net/test/read.cgi/liveuranus/1709475535,2024/03/03(日) 23:18:55.96,
351,archived,1002,なんJNVA部★351,https://fate.5ch.net/test/read.cgi/liveuranus/1709631563,2024/03/05(火) 18:39:23.61,
352,archived,1002,なんJNVA部★352,https://fate.5ch.net/test/read.cgi/liveuranus/1709777394,2024/03/07(木) 11:09:54.27,
353,archived,1002,なんJNVA部★353,https://fate.5ch.net/test/read.cgi/liveuranus/1709889793,2024/03/08(金) 18:23:13.47,
354,archived,1002,なんJNVA部★354,https://fate.5ch.net/test/read.cgi/liveuranus/1709980728,2024/03/09(土) 19:38:48.34,
355,archived,1002,なんJNVA部★355,https://fate.5ch.net/test/read.cgi/liveuranus/1710066855,2024/03/10(日) 19:34:15.13,
356,archived,1002,なんJNVA部★356,https://fate.5ch.net/test/read.cgi/liveuranus/1710169059,2024/03/11(月) 23:57:39.48,
357,archived,1002,なんJNVA部★357,https://fate.5ch.net/test/read.cgi/liveuranus/1710248727,2024/03/12(火) 22:05:27.12,
358,archived,1002,なんJNVA部★358　チビ・ハゲ・鉄オタ専用スレ,https://fate.5ch.net/test/read.cgi/liveuranus/1710250381,2024/03/12(火) 22:33:01.37,
359,archived,1002,なんJエビダンス部★三５９,https://fate.5ch.net/test/read.cgi/liveuranus/1710252605,2024/03/12(火) 23:10:05.71,エビダンス派生
360,archived,1002,なんJNVA部★360　併殺妨害専用スレ,https://fate.5ch.net/test/read.cgi/liveuranus/1710253702,2024/03/12(火) 23:28:22.29,
361,archived,1002,なんJNVA部★361,https://fate.5ch.net/test/read.cgi/liveuranus/1710310864,2024/03/13(水) 15:21:04.68,
362,archived,1002,なんJNVA部★362,https://fate.5ch.net/test/read.cgi/liveuranus/1710416179,2024/03/14(木) 20:36:19.15,
363,archived,1002,なんJNVA部★363,https://fate.5ch.net/test/read.cgi/liveuranus/1710514847,2024/03/16(土) 00:00:47.36,
364,archived,1002,なんJNVA部★364,https://fate.5ch.net/test/read.cgi/liveuranus/1710601734,2024/03/17(日) 00:08:54.36,
365,archived,1002,なんJNVA部★365,https://fate.5ch.net/test/read.cgi/liveuranus/1710731811,2024/03/18(月) 12:16:51.16,
366,archived,1002,なんJNVA部★366,https://fate.5ch.net/test/read.cgi/liveuranus/1710800408,2024/03/19(火) 07:20:08.90,
367,archived,1002,なんJNVA部★367,https://fate.5ch.net/test/read.cgi/liveuranus/1710911673,2024/03/20(水) 14:14:33.43,
368,archived,1002,なんJNVA部★368,https://fate.5ch.net/test/read.cgi/liveuranus/1711015444,2024/03/21(木) 19:04:04.55,
369,archived,1002,なんJNVA部★369,https://fate.5ch.net/test/read.cgi/liveuranus/1711084834,2024/03/22(金) 14:20:34.56,
370,archived,1002,なんJNVA部★370,https://fate.5ch.net/test/read.cgi/liveuranus/1711170197,2024/03/23(土) 14:03:17.79,
371,archived,1002,なんJNVA部★371,https://fate.5ch.net/test/read.cgi/liveuranus/1711276353,2024/03/24(日) 19:32:33.29,
372,archived,1002,なんJNVA部★372,https://fate.5ch.net/test/read.cgi/liveuranus/1711423387,2024/03/26(火) 12:23:07.30,
373,archived,1002,なんJNVA部★373,https://fate.5ch.net/test/read.cgi/liveuranus/1711536189,2024/03/27(水) 19:43:09.58,
374,archived,1002,なんJNVA部★374,https://fate.5ch.net/test/read.cgi/liveuranus/1711702884,2024/03/29(金) 18:01:24.39,
375,archived,1002,なんJNVA部★375,https://fate.5ch.net/test/read.cgi/liveuranus/1711870098,2024/03/31(日) 16:28:18.31,
376,archived,1002,なんJNVA部★376,https://fate.5ch.net/test/read.cgi/liveuranus/1712000828,2024/04/02(火) 04:47:08.55,
377,archived,1002,なんJNVA部★377,https://fate.5ch.net/test/read.cgi/liveuranus/1712158307,2024/04/04(木) 00:31:47.71,
378,archived,1002,なんJNVA部★378,https://fate.5ch.net/test/read.cgi/liveuranus/1712339188,2024/04/06(土) 02:46:28.20,
379,archived,1002,なんJNVA部★379,https://fate.5ch.net/test/read.cgi/liveuranus/1712471880,2024/04/07(日) 15:38:00.34,
380,archived,1002,なんJNVA部★380,https://fate.5ch.net/test/read.cgi/liveuranus/1712585714,2024/04/08(月) 23:15:14.33,
381,archived,1002,なんJNVA部★381,https://fate.5ch.net/test/read.cgi/liveuranus/1712755510,2024/04/10(水) 22:25:10.47,
382,archived,1002,なんJNVA部★382,https://fate.5ch.net/test/read.cgi/liveuranus/1712909292,2024/04/12(金) 17:08:12.80,
383,archived,1002,なんJNVA部★383,https://fate.5ch.net/test/read.cgi/liveuranus/1713096278,2024/04/14(日) 21:04:38.48,
384,archived,1002,なんJNVA部★384,https://fate.5ch.net/test/read.cgi/liveuranus/1713314114,2024/04/17(水) 09:35:14.43,
385,archived,1002,なんJNVA部★385,https://fate.5ch.net/test/read.cgi/liveuranus/1713515533,2024/04/19(金) 17:32:13.43,
386,archived,1002,なんJNVA部★386,https://fate.5ch.net/test/read.cgi/liveuranus/1713700458,2024/04/21(日) 20:54:18.74,
387,archived,1002,なんJNVA部★387,https://fate.5ch.net/test/read.cgi/liveuranus/1713909523,2024/04/24(水) 06:58:43.87,
387,archived,1002,なんJNVA部★387,https://fate.5ch.net/test/read.cgi/liveuranus/1713929274,2024/04/24(水) 12:27:54.97,
388,archived,1002,なんJNVA部★388,https://fate.5ch.net/test/read.cgi/liveuranus/1714105975,2024/04/26(金) 13:32:55.22,
389,archived,1002,なんJNVA部★389,https://fate.5ch.net/test/read.cgi/liveuranus/1714278181,2024/04/28(日) 13:23:01.22,
390,archived,1002,なんJNVA部★390,https://fate.5ch.net/test/read.cgi/liveuranus/1714483504,2024/04/30(火) 22:25:04.99,
391,archived,1002,なんJNVA部★391,https://fate.5ch.net/test/read.cgi/liveuranus/1714702930,2024/05/03(金) 11:22:10.37,
392,archived,1002,なんJ HKIKYR部★392,https://fate.5ch.net/test/read.cgi/liveuranus/1690734579,2023/07/31(月) 01:29:39.22,
392,archived,1002,なんJNVA部★392,https://fate.5ch.net/test/read.cgi/liveuranus/1714926133,2024/05/06(月) 01:22:13.51,
393,archived,1002,なんJ HKIKYR部★393,https://fate.5ch.net/test/read.cgi/liveuranus/1690901546,2023/08/01(火) 23:52:26.90,
393,archived,1002,なんJNVA部★393,https://fate.5ch.net/test/read.cgi/liveuranus/1715150512,2024/05/08(水) 15:41:52.39,
394,archived,1002,なんJ HKIKYR部★394,https://fate.5ch.net/test/read.cgi/liveuranus/1690981507,2023/08/02(水) 22:05:07.36,
394,archived,1002,なんJNVA部★394,https://fate.5ch.net/test/read.cgi/liveuranus/1715346628,2024/05/10(金) 22:10:28.45,
395,active,786,なんJ HKIKYR部★395,https://fate.5ch.net/test/read.cgi/liveuranus/1691039517,2023/08/03(木) 14:11:57.85,
395,archived,1002,なんJNVA部★395,https://fate.5ch.net/test/read.cgi/liveuranus/1715575907,2024/05/13(月) 13:51:47.80,
396,active,395,なんJ HKIKYR部★396,https://fate.5ch.net/test/read.cgi/liveuranus/1691276783,2023/08/06(日) 08:06:23.63,
396,archived,1002,なんJNVA部★396,https://fate.5ch.net/test/read.cgi/liveuranus/1715810077,2024/05/16(木) 06:54:37.96,
397,active,493,なんJ HKIKYR部★397,https://fate.5ch.net/test/read.cgi/liveuranus/1691316868,2023/08/06(日) 19:14:28.30,
397,archived,1002,なんJNVA部★397,https://fate.5ch.net/test/read.cgi/liveuranus/1716088224,2024/05/19(日) 12:10:24.00,
398,active,251,なんJ HKIKYR部★398,https://fate.5ch.net/test/read.cgi/liveuranus/1691360047,2023/08/07(月) 07:14:07.52,
398,archived,1002,なんJNVA部★398,https://fate.5ch.net/test/read.cgi/liveuranus/1716343929,2024/05/22(水) 11:12:09.65,
399,active,227,なんJ HKIKYR部★399,https://fate.5ch.net/test/read.cgi/liveuranus/1691392075,2023/08/07(月) 16:07:55.32,
399,archived,1002,なんJNVA部★399,https://fate.5ch.net/test/read.cgi/liveuranus/1716645045,2024/05/25(土) 22:50:45.06,
400,active,254,なんJ HKIKYR★400,https://fate.5ch.net/test/read.cgi/liveuranus/1691410836,2023/08/07(月) 21:20:36.27,
400,archived,1002,なんJNVA部★400,https://fate.5ch.net/test/read.cgi/liveuranus/1716953974,2024/05/29(水) 12:39:34.92,
401,archived,1002,なんJNVA部★401,https://fate.5ch.net/test/read.cgi/liveuranus/1717262003,2024/06/02(日) 02:13:23.42,
402,archived,1002,なんJNVA部★402,https://fate.5ch.net/test/read.cgi/liveuranus/1717517250,2024/06/05(水) 01:07:30.73,
403,archived,1002,なんJNVA部★403,https://fate.5ch.net/test/read.cgi/liveuranus/1717745571,2024/06/07(金) 16:32:51.46,
404,archived,1002,なんJNVA部★404,https://fate.5ch.net/test/read.cgi/liveuranus/1717929138,2024/06/09(日) 19:32:18.63,
404,archived,1002,なんJNVA部★404,https://fate.5ch.net/test/read.cgi/liveuranus/1717930907,2024/06/09(日) 20:01:47.36,
405,archived,1002,なんJNVA部★405,https://fate.5ch.net/test/read.cgi/liveuranus/1718116096,2024/06/11(火) 23:28:16.97,
405,active,1,なんJNVA部★405,https://fate.5ch.net/test/read.cgi/liveuranus/1724032387,2024/08/19(月) 10:53:07.31,
406,archived,1002,なんJNVA部★406,https://fate.5ch.net/test/read.cgi/liveuranus/1718259340,2024/06/13(木) 15:15:40.76,
407,archived,1002,なんJNVA部★407,https://fate.5ch.net/test/read.cgi/liveuranus/1718406909,2024/06/15(土) 08:15:09.42,
408,archived,1002,なんJNVA部★408,https://fate.5ch.net/test/read.cgi/liveuranus/1718541589,2024/06/16(日) 21:39:49.28,
409,archived,1002,なんJNVA部★409,https://fate.5ch.net/test/read.cgi/liveuranus/1718722445,2024/06/18(火) 23:54:05.09,
410,archived,1002,なんJNVA部★410,https://fate.5ch.net/test/read.cgi/liveuranus/1718944727,2024/06/21(金) 13:38:47.84,
411,archived,1002,なんJNVA部★411,https://fate.5ch.net/test/read.cgi/liveuranus/1719144991,2024/06/23(日) 21:16:31.85,
412,archived,1002,なんJNVA部★412,https://fate.5ch.net/test/read.cgi/liveuranus/1719386381,2024/06/26(水) 16:19:41.44,
413,archived,1002,なんJNVA部★413,https://fate.5ch.net/test/read.cgi/liveuranus/1719613256,2024/06/29(土) 07:20:56.19,
414,archived,1002,なんJNVA部★414,https://fate.5ch.net/test/read.cgi/liveuranus/1719822872,2024/07/01(月) 17:34:32.39,
415,archived,1002,なんJNVA部★415,https://fate.5ch.net/test/read.cgi/liveuranus/1720079634,2024/07/04(木) 16:53:54.73,
416,archived,1002,なんJNVA部★416,https://fate.5ch.net/test/read.cgi/liveuranus/1720317236,2024/07/07(日) 10:53:56.39,
417,archived,1002,なんJNVA部★417,https://fate.5ch.net/test/read.cgi/liveuranus/1720598150,2024/07/10(水) 16:55:50.16,
418,archived,1002,なんJNVA部★418,https://fate.5ch.net/test/read.cgi/liveuranus/1720845562,2024/07/13(土) 13:39:22.80,
419,archived,1002,なんJNVA部★419,https://fate.5ch.net/test/read.cgi/liveuranus/1721060995,2024/07/16(火) 01:29:55.17,
420,archived,1002,なんJNVA部★420,https://fate.5ch.net/test/read.cgi/liveuranus/1721286616,2024/07/18(木) 16:10:16.01,
420,active,4,なんJNVA部★420,https://fate.5ch.net/test/read.cgi/liveuranus/1721286717,2024/07/18(木) 16:11:57.55,
421,archived,1002,なんJNVA部★421,https://fate.5ch.net/test/read.cgi/liveuranus/1721545445,2024/07/21(日) 16:04:05.06,
422,archived,1002,なんJNVA部★422,https://fate.5ch.net/test/read.cgi/liveuranus/1721795142,2024/07/24(水) 13:25:42.98,
423,archived,1002,なんJNVA部★423,https://fate.5ch.net/test/read.cgi/liveuranus/1722049014,2024/07/27(土) 11:56:54.23,
424,archived,1002,なんJNVA部★424,https://fate.5ch.net/test/read.cgi/liveuranus/1722243309,2024/07/29(月) 17:55:09.95,
425,archived,1002,なんJNVA部★425,https://fate.5ch.net/test/read.cgi/liveuranus/1722489153,2024/08/01(木) 14:12:33.28,
426,archived,1002,なんJNVA部★426,https://fate.5ch.net/test/read.cgi/liveuranus/1722637990,2024/08/03(土) 07:33:10.64,
427,archived,1002,なんJNVA部★427,https://fate.5ch.net/test/read.cgi/liveuranus/1722807131,2024/08/05(月) 06:32:11.90,
428,archived,1002,なんJNVA部★428,https://fate.5ch.net/test/read.cgi/liveuranus/1723029335,2024/08/07(水) 20:15:35.73,
429,archived,1002,なんJNVA部★429,https://fate.5ch.net/test/read.cgi/liveuranus/1723249669,2024/08/10(土) 09:27:49.28,
430,archived,1002,なんJNVA部★430,https://fate.5ch.net/test/read.cgi/liveuranus/1723463724,2024/08/12(月) 20:55:24.94,
431,archived,1002,なんJNVA部★431,https://fate.5ch.net/test/read.cgi/liveuranus/1723636643,2024/08/14(水) 20:57:23.93,
432,archived,1002,なんJNVA部★432,https://fate.5ch.net/test/read.cgi/liveuranus/1723845614,2024/08/17(土) 07:00:14.73,
433,archived,1002,なんJNVA部★433,https://fate.5ch.net/test/read.cgi/liveuranus/1724062464,2024/08/19(月) 19:14:24.83,
434,archived,1002,なんJNVA部★434,https://fate.5ch.net/test/read.cgi/liveuranus/1724305927,2024/08/22(木) 14:52:07.70,
435,archived,1002,なんJNVA部★435,https://fate.5ch.net/test/read.cgi/liveuranus/1724495915,2024/08/24(土) 19:38:35.33,
436,archived,1002,なんJNVA部★436,https://fate.5ch.net/test/read.cgi/liveuranus/1724732606,2024/08/27(火) 13:23:26.74,
437,archived,1002,なんJNVA部★437,https://fate.5ch.net/test/read.cgi/liveuranus/1724970483,2024/08/30(金) 07:28:03.46,
438,archived,1002,なんJNVA部★438,https://fate.5ch.net/test/read.cgi/liveuranus/1725171063,2024/09/01(日) 15:11:03.43,
439,archived,1002,なんJNVA部★439,https://fate.5ch.net/test/read.cgi/liveuranus/1725418392,2024/09/04(水) 11:53:12.71,
440,archived,1002,なんJNVA部★440,https://fate.5ch.net/test/read.cgi/liveuranus/1725707894,2024/09/07(土) 20:18:14.48,
441,archived,1002,なんJNVA部★441,https://fate.5ch.net/test/read.cgi/liveuranus/1725924716,2024/09/10(火) 08:31:56.70,
442,archived,1002,なんJNVA部★442,https://fate.5ch.net/test/read.cgi/liveuranus/1726229484,2024/09/13(金) 21:11:24.15,
443,archived,1002,なんJNVA部★443,https://fate.5ch.net/test/read.cgi/liveuranus/1726475079,2024/09/16(月) 17:24:39.60,
444,archived,1002,なんJNVA部★444,https://fate.5ch.net/test/read.cgi/liveuranus/1726741014,2024/09/19(木) 19:16:54.04,
445,archived,1002,なんJNVA部★445,https://fate.5ch.net/test/read.cgi/liveuranus/1727027485,2024/09/23(月) 02:51:25.24,
446,archived,1002,なんJNVA部★446,https://fate.5ch.net/test/read.cgi/liveuranus/1727320180,2024/09/26(木) 12:09:40.86,
447,archived,1002,なんJNVA部★447,https://fate.5ch.net/test/read.cgi/liveuranus/1727504399,2024/09/28(土) 15:19:59.93,
448,archived,1002,なんJNVA部★448,https://fate.5ch.net/test/read.cgi/liveuranus/1727684440,2024/09/30(月) 17:20:40.32,
449,archived,1002,なんJNVA部★449,https://fate.5ch.net/test/read.cgi/liveuranus/1727859972,2024/10/02(水) 18:06:12.97,
450,archived,1002,なんJNVA部★450,https://fate.5ch.net/test/read.cgi/liveuranus/1728044318,2024/10/04(金) 21:18:38.49,
451,archived,1002,なんJNVA部★451,https://fate.5ch.net/test/read.cgi/liveuranus/1728252551,2024/10/07(月) 07:09:11.52,
452,archived,1002,なんJNVA部★452,https://fate.5ch.net/test/read.cgi/liveuranus/1728454308,2024/10/09(水) 15:11:48.14,
453,archived,1002,なんJNVA部★453,https://fate.5ch.net/test/read.cgi/liveuranus/1728661440,2024/10/12(土) 00:44:00.90,
454,archived,1002,なんJNVA部★454,https://fate.5ch.net/test/read.cgi/liveuranus/1728897874,2024/10/14(月) 18:24:34.39,
455,archived,1002,なんJNVA部★455,https://fate.5ch.net/test/read.cgi/liveuranus/1729076730,2024/10/16(水) 20:05:30.38,
456,archived,1002,なんJNVA部★456,https://fate.5ch.net/test/read.cgi/liveuranus/1729252236,2024/10/18(金) 20:50:36.32,
457,archived,1002,なんJNVA部★457,https://fate.5ch.net/test/read.cgi/liveuranus/1729432829,2024/10/20(日) 23:00:29.33,
458,archived,1002,なんJNVA部★458,https://fate.5ch.net/test/read.cgi/liveuranus/1729647662,2024/10/23(水) 10:41:02.76,
459,archived,1002,なんJNVA部★459,https://fate.5ch.net/test/read.cgi/liveuranus/1729842926,2024/10/25(金) 16:55:26.41,
460,archived,1002,なんJNVA部★460,https://fate.5ch.net/test/read.cgi/liveuranus/1730041871,2024/10/28(月) 00:11:11.45,
461,archived,1002,なんJNVA部★461,https://fate.5ch.net/test/read.cgi/liveuranus/1730254944,2024/10/30(水) 11:22:24.16,
462,archived,1002,なんJNVA部★462,https://fate.5ch.net/test/read.cgi/liveuranus/1730459324,2024/11/01(金) 20:08:44.16,
463,archived,1002,なんJNVA部★463,https://fate.5ch.net/test/read.cgi/liveuranus/1730644730,2024/11/03(日) 23:38:50.65,
464,archived,1002,なんJNVA部★464,https://fate.5ch.net/test/read.cgi/liveuranus/1730811711,2024/11/05(火) 22:01:51.24,
465,archived,1002,なんJNVA部★465,https://fate.5ch.net/test/read.cgi/liveuranus/1730995402,2024/11/08(金) 01:03:22.82,公式URL / 2024-11-08
466,archived,1002,なんJNVA部★466,https://fate.5ch.net/test/read.cgi/liveuranus/1731170779,2024/11/10(日) 01:46:19.19,465直後（2024-11-10）
467,archived,1002,なんJNVA部★467,https://fate.5ch.net/test/read.cgi/liveuranus/1731325879,2024/11/11(月) 20:51:19.30,
468,archived,1002,なんJNVA部★468,https://fate.5ch.net/test/read.cgi/liveuranus/1731470180,2024/11/13(水) 12:56:20.62,
469,archived,1002,なんJNVA部★469,https://fate.5ch.net/test/read.cgi/liveuranus/1731593689,2024/11/14(木) 23:14:49.36,
470,archived,1002,なんJNVA部★470,https://fate.5ch.net/test/read.cgi/liveuranus/1731725388,2024/11/16(土) 11:49:48.79,
471,archived,1002,なんJNVA部★471,https://fate.5ch.net/test/read.cgi/liveuranus/1731823778,2024/11/17(日) 15:09:38.94,
472,archived,1002,なんJNVA部★472,https://fate.5ch.net/test/read.cgi/liveuranus/1731910179,2024/11/18(月) 15:09:39.45,
473,archived,1002,なんJNVA部★473,https://fate.5ch.net/test/read.cgi/liveuranus/1732033580,2024/11/20(水) 01:26:20.18,
474,archived,1002,なんJNVA部★474,https://fate.5ch.net/test/read.cgi/liveuranus/1732178805,2024/11/21(木) 17:46:45.18,
475,archived,1002,なんJNVA部★475,https://fate.5ch.net/test/read.cgi/liveuranus/1732317496,2024/11/23(土) 08:18:16.39,
476,archived,1002,んJNVA部★476,https://fate.5ch.net/test/read.cgi/liveuranus/1732449618,2024/11/24(日) 21:00:18.42,
477,archived,1002,なんJNVA部★477,https://fate.5ch.net/test/read.cgi/liveuranus/1732613695,2024/11/26(火) 18:34:55.29,
478,archived,1002,なんJNVA部★478,https://fate.5ch.net/test/read.cgi/liveuranus/1732724442,2024/11/28(木) 01:20:42.81,
479,archived,1002,なんJNVA部★479,https://fate.5ch.net/test/read.cgi/liveuranus/1732896929,2024/11/30(土) 01:15:29.29,
480,archived,1002,なんJNVA部★480,https://fate.5ch.net/test/read.cgi/liveuranus/1733042745,2024/12/01(日) 17:45:45.91,
481,archived,1002,なんJNVA部★481,https://fate.5ch.net/test/read.cgi/liveuranus/1733217786,2024/12/03(火) 18:23:06.28,
482,archived,1002,なんJNVA部★482,https://fate.5ch.net/test/read.cgi/liveuranus/1733367072,2024/12/05(木) 11:51:12.00,
483,archived,1002,なんJNVA部★483,https://fate.5ch.net/test/read.cgi/liveuranus/1733512734,2024/12/07(土) 04:18:54.85,
484,archived,1002,なんJNVA部★484,https://fate.5ch.net/test/read.cgi/liveuranus/1733671394,2024/12/09(月) 00:23:14.88,
485,archived,1002,なんJNVA部★485,https://fate.5ch.net/test/read.cgi/liveuranus/1733863977,2024/12/11(水) 05:52:57.05,
486,archived,1002,なんJNVA部★486,https://fate.5ch.net/test/read.cgi/liveuranus/1734063723,2024/12/13(金) 13:22:03.88,
487,archived,1002,なんJNVA部★487,https://fate.5ch.net/test/read.cgi/liveuranus/1734239384,2024/12/15(日) 14:09:44.67,
488,archived,1002,なんJNVA部★488,https://fate.5ch.net/test/read.cgi/liveuranus/1734387291,2024/12/17(火) 07:14:51.57,
489,archived,1002,なんJNVA部★489,https://fate.5ch.net/test/read.cgi/liveuranus/1734581052,2024/12/19(木) 13:04:12.06,
490,archived,1002,なんJNVA部★490,https://fate.5ch.net/test/read.cgi/liveuranus/1734753955,2024/12/21(土) 13:05:55.86,
491,archived,1002,なんJNVA部★491,https://fate.5ch.net/test/read.cgi/liveuranus/1734840948,2024/12/22(日) 13:15:48.96,
492,archived,1002,なんJNVA部★492,https://fate.5ch.net/test/read.cgi/liveuranus/1734988783,2024/12/24(火) 06:19:43.77,
493,archived,1002,なんJNVA部★493,https://fate.5ch.net/test/read.cgi/liveuranus/1735193681,2024/12/26(木) 15:14:41.10,
494,archived,1002,なんJNVA部★494,https://fate.5ch.net/test/read.cgi/liveuranus/1735375598,2024/12/28(土) 17:46:38.93,
495,archived,1002,なんJNVA部★495,https://fate.5ch.net/test/read.cgi/liveuranus/1735540212,2024/12/30(月) 15:30:12.33,
496,archived,1002,なんJNVA部★496,https://fate.5ch.net/test/read.cgi/liveuranus/1735778359,2025/01/02(木) 09:39:19.27,
497,archived,1002,なんJNVA部★497,https://fate.5ch.net/test/read.cgi/liveuranus/1736004270,2025/01/05(日) 00:24:30.58,
498,archived,1002,なんJNVA部★498,https://fate.5ch.net/test/read.cgi/liveuranus/1736173877,2025/01/06(月) 23:31:17.69,
499,archived,1002,なんJNVA部★499,https://fate.5ch.net/test/read.cgi/liveuranus/1736336254,2025/01/08(水) 20:37:34.74,
500,archived,1002,なんJNVA部★500,https://fate.5ch.net/test/read.cgi/liveuranus/1736523386,2025/01/11(土) 00:36:26.24,
501,archived,1002,なんJNVA部★501,https://fate.5ch.net/test/read.cgi/liveuranus/1736689368,2025/01/12(日) 22:42:48.00,
502,archived,1002,なんJNVA部★502,https://fate.5ch.net/test/read.cgi/liveuranus/1736856866,2025/01/14(火) 21:14:26.95,
503,archived,1002,なんJNVA部★503,https://fate.5ch.net/test/read.cgi/liveuranus/1737028787,2025/01/16(木) 20:59:47.07,
504,archived,1002,なんJNVA部★504,https://fate.5ch.net/test/read.cgi/liveuranus/1737253705,2025/01/19(日) 11:28:25.69,
505,archived,1002,なんJNVA部★505,https://fate.5ch.net/test/read.cgi/liveuranus/1737532564,2025/01/22(水) 16:56:04.09,
506,archived,1002,なんJNVA部★506,https://fate.5ch.net/test/read.cgi/liveuranus/1737818085,2025/01/26(日) 00:14:45.61,
507,archived,1002,なんJNVA部★507,https://fate.5ch.net/test/read.cgi/liveuranus/1738056062,2025/01/28(火) 18:21:02.16,
508,archived,1002,なんJNVA部★508,https://fate.5ch.net/test/read.cgi/liveuranus/1738282132,2025/01/31(金) 09:08:52.17,
509,archived,1002,なんJNVA部★509,https://fate.5ch.net/test/read.cgi/liveuranus/1738468681,2025/02/02(日) 12:58:01.80,
510,archived,1002,なんJNVA部★510,https://fate.5ch.net/test/read.cgi/liveuranus/1738731317,2025/02/05(水) 13:55:17.26,
511,archived,1002,なんJNVA部★511,https://fate.5ch.net/test/read.cgi/liveuranus/1738946073,2025/02/08(土) 01:34:33.43,
512,archived,1002,なんJNVA部★512,https://fate.5ch.net/test/read.cgi/liveuranus/1739196076,2025/02/10(月) 23:01:16.73,
513,archived,1002,なんJNVA部★513,https://fate.5ch.net/test/read.cgi/liveuranus/1739359621,2025/02/12(水) 20:27:01.39,
514,archived,1002,なんJNVA部★514,https://fate.5ch.net/test/read.cgi/liveuranus/1739496425,2025/02/14(金) 10:27:05.72,
515,archived,1002,なんJNVA部★515,https://fate.5ch.net/test/read.cgi/liveuranus/1739676321,2025/02/16(日) 12:25:21.28,
516,archived,1002,なんJNVA部★516,https://fate.5ch.net/test/read.cgi/liveuranus/1739837482,2025/02/18(火) 09:11:22.52,
517,archived,1002,なんJNVA部★517,https://fate.5ch.net/test/read.cgi/liveuranus/1740003730,2025/02/20(木) 07:22:10.90,
518,archived,1002,なんJNVA部★518,https://fate.5ch.net/test/read.cgi/liveuranus/1740188833,2025/02/22(土) 10:47:13.72,
519,archived,1002,なんJNVA部★519,https://fate.5ch.net/test/read.cgi/liveuranus/1740374201,2025/02/24(月) 14:16:41.98,
520,archived,1002,なんJNVA部★520,https://fate.5ch.net/test/read.cgi/liveuranus/1740591525,2025/02/27(木) 02:38:45.46,
521,archived,1002,なんJNVA部★521,https://fate.5ch.net/test/read.cgi/liveuranus/1740803608,2025/03/01(土) 13:33:28.77,
522,archived,1002,なんJNVA部★522,https://fate.5ch.net/test/read.cgi/liveuranus/1740926610,2025/03/02(日) 23:43:30.06,
523,archived,1002,なんJNVA部★523,https://fate.5ch.net/test/read.cgi/liveuranus/1741123358,2025/03/05(水) 06:22:38.76,
524,archived,1002,なんJNVA部★524,https://fate.5ch.net/test/read.cgi/liveuranus/1741351441,2025/03/07(金) 21:44:01.67,
525,archived,1002,なんJNVA部★525,https://fate.5ch.net/test/read.cgi/liveuranus/1741575947,2025/03/10(月) 12:05:47.93,
526,archived,1002,なんJNVA部★526,https://fate.5ch.net/test/read.cgi/liveuranus/1741827365,2025/03/13(木) 09:56:05.12,
527,archived,1002,なんJNVA部★527,https://fate.5ch.net/test/read.cgi/liveuranus/1742056447,2025/03/16(日) 01:34:07.05,
528,archived,1002,なんJNVA部★528,https://fate.5ch.net/test/read.cgi/liveuranus/1742345123,2025/03/19(水) 09:45:23.74,
529,archived,1002,なんJNVA部★529,https://fate.5ch.net/test/read.cgi/liveuranus/1742621318,2025/03/22(土) 14:28:38.71,
530,archived,1002,なんJNVA部★530,https://fate.5ch.net/test/read.cgi/liveuranus/1742867615,2025/03/25(火) 10:53:35.98,
531,archived,1002,なんJNVA部★531,https://fate.5ch.net/test/read.cgi/liveuranus/1743083135,2025/03/27(木) 22:45:35.26,
532,archived,1002,なんJNVA部★532,https://fate.5ch.net/test/read.cgi/liveuranus/1743319873,2025/03/30(日) 16:31:13.34,
533,archived,1002,なんJNVA部★533,https://fate.5ch.net/test/read.cgi/liveuranus/1743662965,2025/04/03(木) 15:49:25.77,
534,archived,1002,なんJNVA部★534,https://fate.5ch.net/test/read.cgi/liveuranus/1744009453,2025/04/07(月) 16:04:13.68,
535,archived,1002,なんJNVA部★535,https://fate.5ch.net/test/read.cgi/liveuranus/1744454985,2025/04/12(土) 19:49:45.93,
536,archived,1002,なんJNVA部★536,https://fate.5ch.net/test/read.cgi/liveuranus/1744812253,2025/04/16(水) 23:04:13.28,
537,archived,1002,なんJNVA部★537,https://fate.5ch.net/test/read.cgi/liveuranus/1745077896,2025/04/20(日) 00:51:36.61,
538,archived,1002,なんJNVA部★538,https://fate.5ch.net/test/read.cgi/liveuranus/1745447878,2025/04/24(木) 07:37:58.09,
539,archived,1002,なんJNVA部★539,https://fate.5ch.net/test/read.cgi/liveuranus/1745766089,2025/04/28(月) 00:01:29.46,
540,archived,1002,なんJNVA部★540,https://fate.5ch.net/test/read.cgi/liveuranus/1746064577,2025/05/01(木) 10:56:17.92,
541,archived,1002,なんJNVA部★541,https://fate.5ch.net/test/read.cgi/liveuranus/1746379048,2025/05/05(月) 02:17:28.27,
542,archived,1002,なんJNVA部★542,https://fate.5ch.net/test/read.cgi/liveuranus/1746698707,2025/05/08(木) 19:05:07.70,
543,archived,1002,なんJNVA部★543,https://fate.5ch.net/test/read.cgi/liveuranus/1747102184,2025/05/13(火) 11:09:44.65,
544,archived,1002,なんJNVA部★544,https://fate.5ch.net/test/read.cgi/liveuranus/1747468039,2025/05/17(土) 16:47:19.32,
545,archived,1002,なんJNVA部★545,https://fate.5ch.net/test/read.cgi/liveuranus/1747832370,2025/05/21(水) 21:59:30.89,
546,archived,1002,なんJNVA部★546,https://fate.5ch.net/test/read.cgi/liveuranus/1748235813,2025/05/26(月) 14:03:33.47,
547,archived,1002,なんJNVA部★547,https://fate.5ch.net/test/read.cgi/liveuranus/1748532265,2025/05/30(金) 00:24:25.46,
548,archived,1002,なんJNVA部★548,https://fate.5ch.net/test/read.cgi/liveuranus/1748819386,2025/06/02(月) 08:09:46.69,
549,archived,1002,なんJNVA部★549,https://fate.5ch.net/test/read.cgi/liveuranus/1749128551,2025/06/05(木) 22:02:31.66,
550,archived,1002,なんJNVA部★550,https://fate.5ch.net/test/read.cgi/liveuranus/1749349576,2025/06/08(日) 11:26:16.57,
551,archived,1002,なんJNVA部★551,https://fate.5ch.net/test/read.cgi/liveuranus/1749551871,2025/06/10(火) 19:37:51.42,
552,archived,1002,なんJNVA部★552,https://fate.5ch.net/test/read.cgi/liveuranus/1749875668,2025/06/14(土) 13:34:28.11,
553,archived,1002,なんJNVA部★553,https://fate.5ch.net/test/read.cgi/liveuranus/1750065891,2025/06/16(月) 18:24:51.03,
554,archived,1002,なんJNVA部★554,https://fate.5ch.net/test/read.cgi/liveuranus/1750560240,2025/06/22(日) 11:44:00.98,
555,archived,1002,なんJNVA部★555,https://fate.5ch.net/test/read.cgi/liveuranus/1750927210,2025/06/26(木) 17:40:10.31,
556,archived,1002,なんJNVA部★556,https://fate.5ch.net/test/read.cgi/liveuranus/1751323123,2025/07/01(火) 07:38:43.39,
557,archived,1002,なんJNVA部★557,https://fate.5ch.net/test/read.cgi/liveuranus/1751601523,2025/07/04(金) 12:58:43.97,
558,archived,1002,なんJNVA部★558,https://fate.5ch.net/test/read.cgi/liveuranus/1751939332,2025/07/08(火) 10:48:52.53,
559,archived,1002,なんJNVA部★559,https://fate.5ch.net/test/read.cgi/liveuranus/1752188090,2025/07/11(金) 07:54:50.22,
560,archived,1002,なんJNVA部★560,https://fate.5ch.net/test/read.cgi/liveuranus/1752473555,2025/07/14(月) 15:12:35.16,
561,archived,1002,なんJNVA部★561,https://fate.5ch.net/test/read.cgi/liveuranus/1752746464,2025/07/17(木) 19:01:04.06,
562,archived,1002,なんJNVA部★562,https://fate.5ch.net/test/read.cgi/liveuranus/1753108638,2025/07/21(月) 23:37:18.61,n2ch dat復元
563,archived,1002,なんJNVA部★563,https://fate.5ch.net/test/read.cgi/liveuranus/1753433974,2025/07/25(金) 17:59:34.30,n2ch dat復元
564,archived,1002,なんJNVA部★564,https://fate.5ch.net/test/read.cgi/liveuranus/1753792309,2025/07/29(火) 21:31:49.90,n2ch dat復元
565,archived,1002,なんJNVA部★565,https://fate.5ch.net/test/read.cgi/liveuranus/1754153831,2025/08/03(日) 01:57:11.02,
566,archived,1002,なんJNVA部★566,https://fate.5ch.net/test/read.cgi/liveuranus/1754395421,2025/08/05(火) 21:03:41.17,
567,archived,1002,なんJNVA部★567,https://fate.5ch.net/test/read.cgi/liveuranus/1754712675,2025/08/09(土) 13:11:15.89,
568,archived,1002,なんJNVA部★568,https://fate.5ch.net/test/read.cgi/liveuranus/1754986519,2025/08/12(火) 17:15:19.89,
569,archived,1002,なんJNVA部★569,https://fate.5ch.net/test/read.cgi/liveuranus/1755257819,2025/08/15(金) 20:36:59.97,
570,archived,1002,なんJNVA部★570,https://fate.5ch.net/test/read.cgi/liveuranus/1755504548,2025/08/18(月) 17:09:08.46,
571,archived,1002,なんJNVA部★571,https://fate.5ch.net/test/read.cgi/liveuranus/1755766752,2025/08/21(木) 17:59:12.75,
572,archived,1002,なんJNVA部★572,https://fate.5ch.net/test/read.cgi/liveuranus/1756077448,2025/08/25(月) 08:17:28.45,
573,archived,1002,なんJNVA部★573,https://fate.5ch.net/test/read.cgi/liveuranus/1756406567,2025/08/29(金) 03:42:47.51,
574,archived,1002,なんJNVA部★574,https://fate.5ch.net/test/read.cgi/liveuranus/1756753459,2025/09/02(火) 04:04:19.77,
575,archived,1002,なんJNVA部★575,https://fate.5ch.net/test/read.cgi/liveuranus/1757106993,2025/09/06(土) 06:16:33.97,
576,archived,1002,なんJNVA部★576,https://fate.5ch.net/test/read.cgi/liveuranus/1757511427,2025/09/10(水) 22:37:07.29,
577,archived,1002,なんJNVA部★577,https://fate.5ch.net/test/read.cgi/liveuranus/1757896029,2025/09/15(月) 09:27:09.92,
578,archived,1002,なんJNVA部★578,https://fate.5ch.net/test/read.cgi/liveuranus/1758357922,2025/09/20(土) 17:45:22.94,
579,archived,1002,なんJNVA部★579,https://fate.5ch.net/test/read.cgi/liveuranus/1758764692,2025/09/25(木) 10:44:52.41,
580,archived,1002,なんJNVA部★580,https://fate.5ch.net/test/read.cgi/liveuranus/1759071648,2025/09/29(月) 00:00:48.87,
581,archived,1002,なんJNVA部★581,https://fate.5ch.net/test/read.cgi/liveuranus/1759298723,2025/10/01(水) 15:05:23.90,
582,archived,1002,なんJNVA部★582,https://fate.5ch.net/test/read.cgi/liveuranus/1759563035,2025/10/04(土) 16:30:35.78,
9786,archived,1002,なんU絵文字部&#129402;&#9786;,https://fate.5ch.net/test/read.cgi/liveuranus/1704985710,2024/01/12(金) 00:08:30.47,
9786,active,25,&#9786;&#129402;なんU絵文字部&#129402;&#9786;,https://fate.5ch.net/test/read.cgi/liveuranus/1705406516,2024/01/16(火) 21:01:56.24,
56789,archived,1002,なんJNVA部★56789,https://fate.5ch.net/test/read.cgi/liveuranus/1693443933,2023/08/31(木) 10:05:33.95,
127792,archived,1002,なんJ&#129424;&#127792;部,https://fate.5ch.net/test/read.cgi/liveuranus/1712677059,2024/04/10(水) 00:37:39.01,
127844,archived,1002,なんJ亜鉛&#129424;&#127844;ダンス部,https://fate.5ch.net/test/read.cgi/liveuranus/1711026277,2024/03/21(木) 22:04:37.51,
128557,archived,1002,&#129301;なんU絵文字部★62&#128557;,https://fate.5ch.net/test/read.cgi/liveuranus/1708692060,2024/02/23(金) 21:41:00.68,
129402,archived,1002,&#129402;なんU絵文字部&#129402;,https://fate.5ch.net/test/read.cgi/liveuranus/1651405083,2022/05/01(日) 20:38:03.74,
129402,archived,1002,&#129402;なんU絵文字部&#129402;,https://fate.5ch.net/test/read.cgi/liveuranus/1686514896,2023/06/12(月) 05:21:36.00,
129402,archived,1002,&#129402;なんU絵文字部&#129402;,https://fate.5ch.net/test/read.cgi/liveuranus/1687217185,2023/06/20(火) 08:26:25.99,
129402,archived,1002,&#129402;なんU絵文字部&#129402;,https://fate.5ch.net/test/read.cgi/liveuranus/1687770232,2023/06/26(月) 18:03:52.42,
129402,archived,1002,&#129402;なんU絵文字部&#129402;,https://fate.5ch.net/test/read.cgi/liveuranus/1705316330,2024/01/15(月) 19:58:50.86,
129402,active,104,&#129402;なんU絵文字部&#129402;,https://fate.5ch.net/test/read.cgi/liveuranus/1705357939,2024/01/16(火) 07:32:19.84,
129402,active,25,&#129402;なんU絵文字部&#129402;,https://fate.5ch.net/test/read.cgi/liveuranus/1705407865,2024/01/16(火) 21:24:25.58,
129402,active,24,&#129402;なんU絵文字部&#129402;,https://fate.5ch.net/test/read.cgi/liveuranus/1705444392,2024/01/17(水) 07:33:12.68,
129402,archived,1002,&#9786;なんU絵文字部&#129402;,https://fate.5ch.net/test/read.cgi/liveuranus/1705580923,2024/01/18(木) 21:28:43.81,
129402,archived,1002,&#127884;南Uゑ摸字部★63&#9961;　&#129402;？,https://fate.5ch.net/test/read.cgi/liveuranus/1709472865,2024/03/03(日) 22:34:25.63,
129424,archived,1002,なんJ&#129424;♂嬢スレ,https://fate.5ch.net/test/read.cgi/liveuranus/1711111404,2024/03/22(金) 21:43:24.76,
129424,archived,1002,なんJ&#129424;でヤンス部,https://fate.5ch.net/test/read.cgi/liveuranus/1711191349,2024/03/23(土) 19:55:49.95,
1678930450,archived,1002,なんJLLM部,https://fate.5ch.net/test/read.cgi/liveuranus/1678930450,2023/03/16(木) 10:34:10.55,
1681272307,archived,1002,なんJRBC部,https://fate.5ch.net/test/read.cgi/liveuranus/1681272307,2023/04/12(水) 13:05:07.36,
1691363234,active,250,とうし,https://fate.5ch.net/test/read.cgi/liveuranus/1691363234,2023/08/07(月) 08:07:14.92,
1699582612,active,496,なんう　絵文字部,https://fate.5ch.net/test/read.cgi/liveuranus/1699582612,2023/11/10(金) 11:16:52.15,
1702730624,archived,1002,スクリプト誘導用,https://fate.5ch.net/test/read.cgi/liveuranus/1702730624,2023/12/16(土) 21:43:44.51,
1702738948,archived,1002,思ってるんだよｗ,https://fate.5ch.net/test/read.cgi/liveuranus/1702738948,2023/12/17(日) 00:02:28.48,
1710253951,archived,1002,なんJ亜鉛びえん部,https://fate.5ch.net/test/read.cgi/liveuranus/1710253951,2024/03/12(火) 23:32:31.47,
9240230711,active,5,,https://fate.5ch.net/test/read.cgi/liveuranus/9240230711, Janestyleはもう5ch.netと提携していません。,
8,missing,0,,,,欠番
9,missing,0,,,,欠番
10,missing,0,,,,欠番
11,missing,0,,,,欠番
12,missing,0,,,,欠番
13,missing,0,,,,欠番
14,missing,0,,,,欠番
15,missing,0,,,,欠番
16,missing,0,,,,欠番
17,missing,0,,,,欠番
18,missing,0,,,,欠番
19,missing,0,,,,欠番
20,missing,0,,,,欠番
21,missing,0,,,,欠番
22,missing,0,,,,欠番
23,missing,0,,,,欠番
24,missing,0,,,,欠番
25,missing,0,,,,欠番
26,missing,0,,,,欠番
27,missing,0,,,,欠番
28,missing,0,,,,欠番
29,missing,0,,,,欠番
30,missing,0,,,,欠番
31,missing,0,,,,欠番
32,missing,0,,,,欠番
33,missing,0,,,,欠番
34,missing,0,,,,欠番
35,missing,0,,,,欠番
36,missing,0,,,,欠番
37,missing,0,,,,欠番
38,missing,0,,,,欠番
39,missing,0,,,,欠番
40,missing,0,,,,欠番
41,missing,0,,,,欠番
42,missing,0,,,,欠番
43,missing,0,,,,欠番
44,missing,0,,,,欠番
45,missing,0,,,,欠番
46,missing,0,,,,欠番
47,missing,0,,,,欠番
48,missing,0,,,,欠番
49,missing,0,,,,欠番
50,missing,0,,,,欠番
51,missing,0,,,,欠番
52,missing,0,,,,欠番
53,missing,0,,,,欠番
54,missing,0,,,,欠番
55,missing,0,,,,欠番
56,missing,0,,,,欠番
57,missing,0,,,,欠番
58,missing,0,,,,欠番
59,missing,0,,,,欠番
60,missing,0,,,,欠番
61,missing,0,,,,欠番
62,missing,0,,,,欠番
255,missing,0,,,,欠番
359,missing,0,,,,欠番
